sampleid,BarcodeSequence,Barcode_location,Group,Enterotype,Enterotype_Group,Gender,Subject2,DNA_Plate,SampleType,Platform,TargetGene,TargetSubfragment,analysis
Sub004.1P.G11,TATTTGATTGGT,1_G11,Control,Bacteroides,Control_B,M,4,1,Stool,Illumina,16S_rRNA,V4,O
Sub002.1P.G11,TATTTGATTGGT,1_G11,Control,Bacteroides,Control_B,M,2,1,Stool,Illumina,16S_rRNA,V4,O
Sub012.1P.G11,TATTTGATTGGT,1_G11,Control,Bacteroides,Control_B,M,12,1,Stool,Illumina,16S_rRNA,V4,O
Sub015.1P.G11,AATCCGGTCACC,4_G11,Control,Bacteroides,Control_B,M,15,3,Stool,Illumina,16S_rRNA,V4,O
Sub013.1P.G11,ACACCGCACAAT,3_G11,Control,Bacteroides,Control_B,M,13,2,Stool,Illumina,16S_rRNA,V4,O
Sub024.1P.G11,GTTTGAAACACG,2_G11,Control,Bacteroides,Control_B,M,24,2,Stool,Illumina,16S_rRNA,V4,O
Sub023.1P.G11,TATTTGATTGGT,1_G11,Control,Bacteroides,Control_B,F,23,1,Stool,Illumina,16S_rRNA,V4,O
Sub016.1P.G11,GTTTGAAA,2_G11,Control,Bacteroides,Control_B,F,16,2,Stool,Illumina,16S_rRNA,V4,O
Sub007.1P.G11,AATCCGGTCACC,4_G11,Control,Bacteroides,Control_B,M,7,3,Stool,Illumina,16S_rRNA,V4,O
Sub001.1P.G11,ACACCGCACAAT,3_G11,Control,Bacteroides,Control_B,F,1,2,Stool,Illumina,16S_rRNA,V4,O
Sub020.1P.G11,GTTTGAAACACG,2_G11,Control,Bacteroides,Control_B,F,20,3,Stool,Illumina,16S_rRNA,V4,O
Sub017.1P.G11,TATTTGATTGGT,1_G11,Control,Bacteroides,Control_B,F,17,1,Stool,Illumina,16S_rRNA,V4,O
Sub001.5P.A01,CCTCGCATGACC,3_A01,Artichoke,Bacteroides,Artichoke_B,F,1,5,Stool,Illumina,16S_rRNA,V4,O
Sub017.5P.E01,ACGGCGTTATGT,3_E01,Artichoke,Bacteroides,Artichoke_B,F,17,5,Stool,Illumina,16S_rRNA,V4,O
Sub002.5P.A02,GGCGTAACGGCA,3_A02,Artichoke,Bacteroides,Artichoke_B,M,2,5,Stool,Illumina,16S_rRNA,V4,O
Sub004.5P.A03,GCGAGGAAGTCC,3_A03,Artichoke,Bacteroides,Artichoke_B,M,4,5,Stool,Illumina,16S_rRNA,V4,O
Sub020.5P.E03,ACGTGCCTTAGA,3_E03,Artichoke,Bacteroides,Artichoke_B,F,20,5,Stool,Illumina,16S_rRNA,V4,O
Sub007.5P.A05,TTGTGTCTCCCT,3_A05,Artichoke,Bacteroides,Artichoke_B,M,7,5,Stool,Illumina,16S_rRNA,V4,O
Sub023.5P.E05,AGGGACTTCAAT,3_E05,Artichoke,Bacteroides,Artichoke_B,F,23,5,Stool,Illumina,16S_rRNA,V4,O
Sub024.5P.E06,CGGCCAGAAGCA,3_E06,Artichoke,Bacteroides,Artichoke_B,M,24,5,Stool,Illumina,16S_rRNA,V4,O
Sub012.5P.A08,AACTTTCAGGAG,3_A08,Artichoke,Bacteroides,Artichoke_B,M,12,5,Stool,Illumina,16S_rRNA,V4,O
Sub013.5P.A09,CCAGGACAGGAA,3_A09,Artichoke,Bacteroides,Artichoke_B,M,13,5,Stool,Illumina,16S_rRNA,V4,O
Sub015.5P.A11,GTCGCTTGCACA,3_A11,Artichoke,Bacteroides,Artichoke_B,M,15,5,Stool,Illumina,16S_rRNA,V4,O
Sub016.5P.A12,TCCGCCTAGTCG,3_A12,Artichoke,Bacteroides,Artichoke_B,F,16,5,Stool,Illumina,16S_rRNA,V4,O
