#NAME,BarcodeSequence,Barcode_location,Group,Enterotype,Enterotype_Group,Gender,Subject2,DNA_Plate,SampleType,Platform,TargetGene,TargetSubfragment,analysis
Sub005.1P.G11,GTCTCCTCCCTT,5_G11,Control,Prevotella,Control_P,M,5,4,Stool,Illumina,16S_rRNA,V4,O
Sub014.1P.G11,AATCCGGTCACC,4_G11,Control,Prevotella,Control_P,F,14,3,Stool,Illumina,16S_rRNA,V4,O
Sub022.1P.G11,GTCTCCTCCCTT,5_G11,Control,Prevotella,Control_P,F,22,4,Stool,Illumina,16S_rRNA,V4,O
Sub019.1P.G11,AATCCGGTCACC,4_G11,Control,Prevotella,Control_P,M,19,4,Stool,Illumina,16S_rRNA,V4,O
Sub025.1P.G11,GTTTGAAACACG,2_G11,Control,Prevotella,Control_P,M,25,2,Stool,Illumina,16S_rRNA,V4,O
Sub028.1P-3.G07,CGAATACT,3_G07,Control,Prevotella,Control_P,M,28,5,Stool,Illumina,16S_rRNA,V4,O
Sub005.5P.A04,CAAATTCGGGAT,3_A04,Artichoke,Prevotella,Artichoke_P,M,5,5,Stool,Illumina,16S_rRNA,V4,O
Sub014.5P.A10,GCGCGGCGTTGC,3_A10,Artichoke,Prevotella,Artichoke_P,F,14,5,Stool,Illumina,16S_rRNA,V4,O
Sub019.5P.E02,GAACCGTGCAGG,3_E02,Artichoke,Prevotella,Artichoke_P,M,19,5,Stool,Illumina,16S_rRNA,V4,O
Sub022.5P.E04,AGTTGTAGTCCG,3_E04,Artichoke,Prevotella,Artichoke_P,F,22,5,Stool,Illumina,16S_rRNA,V4,O
Sub025.5P.E07,TGGCAGCGAGCC,3_E07,Artichoke,Prevotella,Artichoke_P,M,25,5,Stool,Illumina,16S_rRNA,V4,O
Sub028.5P.E09,TATGTTGACGGC,3_E09,Artichoke,Prevotella,Artichoke_P,M,28,5,Stool,Illumina,16S_rRNA,V4,O
