#TAXONOMY,Kingdom,Phylum,Class,Order,Family,Genus,Species
40183d4c191ede2a47b0218b0ae54a24,Bacteria,Firmicutes,Bacilli,Erysipelotrichales,Erysipelotrichaceae,[Clostridium]_innocuum_group,
4b9c10259105442cd596b3c3cd00d2ef,Bacteria,Firmicutes,Bacilli,Erysipelotrichales,Erysipelotrichaceae,[Clostridium]_innocuum_group,
6e2d4322b768f101bd13a2edea377e76,Bacteria,Firmicutes,Bacilli,Erysipelotrichales,Erysipelotrichaceae,[Clostridium]_innocuum_group,uncultured_bacterium
a96bc742d7ea116b521c0215bcc805b4,Bacteria,Firmicutes,Clostridia,Peptostreptococcales-Tissierellales,Anaerovoracaceae,[Eubacterium]_brachy_group,uncultured_bacterium
07faa7fd7c2f477ffa7278a507dcc0b2,Bacteria,Firmicutes,Clostridia,Oscillospirales,[Eubacterium]_coprostanoligenes_group,[Eubacterium]_coprostanoligenes_group,gut_metagenome
237bcb71bdcbad91dfae7bc3bb0d291a,Bacteria,Firmicutes,Clostridia,Oscillospirales,[Eubacterium]_coprostanoligenes_group,[Eubacterium]_coprostanoligenes_group,
6e56516070292f8bd8014cd9020d989a,Bacteria,Firmicutes,Clostridia,Oscillospirales,[Eubacterium]_coprostanoligenes_group,[Eubacterium]_coprostanoligenes_group,
a28cfd3786e638cc70558305a626bc82,Bacteria,Firmicutes,Clostridia,Oscillospirales,[Eubacterium]_coprostanoligenes_group,[Eubacterium]_coprostanoligenes_group,metagenome
d3cd5a5c56456fd89c0e1d31fd084d6c,Bacteria,Firmicutes,Clostridia,Oscillospirales,[Eubacterium]_coprostanoligenes_group,[Eubacterium]_coprostanoligenes_group,
fa98eb60cfbb8f7be8478a66d8074ed8,Bacteria,Firmicutes,Clostridia,Oscillospirales,[Eubacterium]_coprostanoligenes_group,[Eubacterium]_coprostanoligenes_group,gut_metagenome
00a6b98a3d71c15087a3b5f8f1942514,Bacteria,Firmicutes,Clostridia,Lachnospirales,Lachnospiraceae,[Eubacterium]_eligens_group,
2670413c3c712add259720a381909495,Bacteria,Firmicutes,Clostridia,Lachnospirales,Lachnospiraceae,[Eubacterium]_eligens_group,
3ce377d891d5912a6782165272073f6b,Bacteria,Firmicutes,Clostridia,Lachnospirales,Lachnospiraceae,[Eubacterium]_eligens_group,
d426ad38f51a4d2e1b1c3c84c13d462e,Bacteria,Firmicutes,Clostridia,Lachnospirales,Lachnospiraceae,[Eubacterium]_eligens_group,
97e2edc77dc1862726ff8238e1c94773,Bacteria,Firmicutes,Clostridia,Lachnospirales,Lachnospiraceae,[Eubacterium]_fissicatena_group,
0d8851b62568fe4dcf779a4d48502626,Bacteria,Firmicutes,Clostridia,Lachnospirales,Lachnospiraceae,[Eubacterium]_hallii_group,
174568655abbc6f3eec62de2950b5404,Bacteria,Firmicutes,Clostridia,Lachnospirales,Lachnospiraceae,[Eubacterium]_hallii_group,
4dd17aade1d41aef6ae6013d90e5412e,Bacteria,Firmicutes,Clostridia,Lachnospirales,Lachnospiraceae,[Eubacterium]_hallii_group,uncultured_organism
591c4ed0ca82f8446b63025d8e8b4ef6,Bacteria,Firmicutes,Clostridia,Lachnospirales,Lachnospiraceae,[Eubacterium]_hallii_group,
6f6b739294876dc2dbe1f935cb4b48f5,Bacteria,Firmicutes,Clostridia,Lachnospirales,Lachnospiraceae,[Eubacterium]_hallii_group,
82b3f8bf44f07056c2c0410ef87d571c,Bacteria,Firmicutes,Clostridia,Lachnospirales,Lachnospiraceae,[Eubacterium]_hallii_group,
89c23cfc5d5a4405e1e0152c1f296b4c,Bacteria,Firmicutes,Clostridia,Lachnospirales,Lachnospiraceae,[Eubacterium]_hallii_group,uncultured_bacterium
9bc55691fe9f5b410a712794009fd71c,Bacteria,Firmicutes,Clostridia,Lachnospirales,Lachnospiraceae,[Eubacterium]_hallii_group,
e9121c2f4a4e2c292b35e0ce73eaffa5,Bacteria,Firmicutes,Clostridia,Lachnospirales,Lachnospiraceae,[Eubacterium]_hallii_group,
ed3dad594aa46315602beadc4bd81331,Bacteria,Firmicutes,Clostridia,Lachnospirales,Lachnospiraceae,[Eubacterium]_hallii_group,
775ce7d67d741fd2cba349a0d68761ed,Bacteria,Firmicutes,Clostridia,Peptostreptococcales-Tissierellales,Anaerovoracaceae,[Eubacterium]_nodatum_group,
e264ca571bfe6229c696187e6f834604,Bacteria,Firmicutes,Clostridia,Lachnospirales,Lachnospiraceae,[Eubacterium]_ruminantium_group,
0f1b20bf53d27882ac772f3ddb097f44,Bacteria,Firmicutes,Clostridia,Lachnospirales,Lachnospiraceae,[Eubacterium]_ventriosum_group,uncultured_Lachnospiraceae
49e673fc672f34d44895531601fd30d3,Bacteria,Firmicutes,Clostridia,Lachnospirales,Lachnospiraceae,[Eubacterium]_ventriosum_group,uncultured_organism
50af48631514797c6ffd11952187ca42,Bacteria,Firmicutes,Clostridia,Lachnospirales,Lachnospiraceae,[Eubacterium]_ventriosum_group,uncultured_bacterium
4dc5bde342f0fa181a2176fa60133df3,Bacteria,Firmicutes,Clostridia,Lachnospirales,Lachnospiraceae,[Ruminococcus]_gauvreauii_group,
acf77719748758725183c98f7032ee76,Bacteria,Firmicutes,Clostridia,Lachnospirales,Lachnospiraceae,[Ruminococcus]_gauvreauii_group,uncultured_bacterium
b7fc969193a324d188ca5545c8b97f6e,Bacteria,Firmicutes,Clostridia,Lachnospirales,Lachnospiraceae,[Ruminococcus]_gauvreauii_group,
f98d0e05aa2b5c077971f233f24ce5b0,Bacteria,Firmicutes,Clostridia,Lachnospirales,Lachnospiraceae,[Ruminococcus]_gauvreauii_group,
5c9a6fa2ed7f11cb221c314f33fe1c52,Bacteria,Firmicutes,Clostridia,Lachnospirales,Lachnospiraceae,[Ruminococcus]_gnavus_group,
ad3a0e936832926b33ca0b03c766df07,Bacteria,Firmicutes,Clostridia,Lachnospirales,Lachnospiraceae,[Ruminococcus]_gnavus_group,
14b6b3f9e0b859471d709310e13ea269,Bacteria,Firmicutes,Clostridia,Lachnospirales,Lachnospiraceae,[Ruminococcus]_torques_group,
24e864dd8a3a5111b7b5023b9211957f,Bacteria,Firmicutes,Clostridia,Lachnospirales,Lachnospiraceae,[Ruminococcus]_torques_group,
26154cc4791cf9042c3034b77794227a,Bacteria,Firmicutes,Clostridia,Lachnospirales,Lachnospiraceae,[Ruminococcus]_torques_group,
265315262fa7e4abde6f8b92e9b83dce,Bacteria,Firmicutes,Clostridia,Lachnospirales,Lachnospiraceae,[Ruminococcus]_torques_group,Ruminococcus_lactaris
2da768af2d282bb302aa4bea9a5c0fd9,Bacteria,Firmicutes,Clostridia,Lachnospirales,Lachnospiraceae,[Ruminococcus]_torques_group,
6fd62b011e9e4a8eeed26d15aec0f94a,Bacteria,Firmicutes,Clostridia,Lachnospirales,Lachnospiraceae,[Ruminococcus]_torques_group,
846268b7bddc73da37cc729b31b3df51,Bacteria,Firmicutes,Clostridia,Lachnospirales,Lachnospiraceae,[Ruminococcus]_torques_group,
8604c06627d16db97005a7db4a5d6b5b,Bacteria,Firmicutes,Clostridia,Lachnospirales,Lachnospiraceae,[Ruminococcus]_torques_group,
86e9fe965528293b20fc7983e4b06a87,Bacteria,Firmicutes,Clostridia,Lachnospirales,Lachnospiraceae,[Ruminococcus]_torques_group,
87d3a0a9552ac8e5c897bb2498497587,Bacteria,Firmicutes,Clostridia,Lachnospirales,Lachnospiraceae,[Ruminococcus]_torques_group,Ruminococcus_sp.
d2936fb2de29fea55aa7fd8c18a4fbe2,Bacteria,Firmicutes,Clostridia,Lachnospirales,Lachnospiraceae,[Ruminococcus]_torques_group,uncultured_Clostridiales
a9bdd5ad10556379843eeb01123446d6,Bacteria,Firmicutes,Negativicutes,Acidaminococcales,Acidaminococcaceae,Acidaminococcus,Acidaminococcus_sp.
c638ea53765b45d81210c8ccd5df76fd,Bacteria,Firmicutes,Negativicutes,Acidaminococcales,Acidaminococcaceae,Acidaminococcus,
f1afb8ab1ce9387908723e50b8c0620d,Bacteria,Firmicutes,Negativicutes,Acidaminococcales,Acidaminococcaceae,Acidaminococcus,Acidaminococcus_sp.
b8a58ceabc7fd901c3c95b7680c8233d,Bacteria,Proteobacteria,Gammaproteobacteria,Pseudomonadales,Moraxellaceae,Acinetobacter,Acinetobacter_baumannii
9ea6998cfaa36692c756727a8e5c7cf7,Bacteria,Actinobacteriota,Actinobacteria,Actinomycetales,Actinomycetaceae,Actinomyces,
1426891878e764b710b5a97aea9f1e58,Bacteria,Firmicutes,Clostridia,Lachnospirales,Lachnospiraceae,Agathobacter,
18aa0033508022d7d326a8d2fbfb990d,Bacteria,Firmicutes,Clostridia,Lachnospirales,Lachnospiraceae,Agathobacter,
1db13f9397f332a64ee94ea59c38b481,Bacteria,Firmicutes,Clostridia,Lachnospirales,Lachnospiraceae,Agathobacter,
37ce22d92a27a6cc1daf7ef212da53cf,Bacteria,Firmicutes,Clostridia,Lachnospirales,Lachnospiraceae,Agathobacter,
a183b543c2b77e6d1dd2591f06cc8eca,Bacteria,Firmicutes,Clostridia,Lachnospirales,Lachnospiraceae,Agathobacter,
d5e19bb2da3b16ccf58bac86a22e882c,Bacteria,Firmicutes,Clostridia,Lachnospirales,Lachnospiraceae,Agathobacter,Eubacterium_ramulus
1accd1fa14c9ecbfeee5d6e038288b60,Bacteria,Verrucomicrobiota,Verrucomicrobiae,Verrucomicrobiales,Akkermansiaceae,Akkermansia,uncultured_organism
6e2c95fef5f6d624da5856d4f7e87143,Bacteria,Verrucomicrobiota,Verrucomicrobiae,Verrucomicrobiales,Akkermansiaceae,Akkermansia,
136365b90392e8070238b1e5308a2487,Bacteria,Bacteroidota,Bacteroidia,Bacteroidales,Rikenellaceae,Alistipes,Alistipes_indistinctus
1449abdca28ff92104d70c2da25cbaaf,Bacteria,Bacteroidota,Bacteroidia,Bacteroidales,Rikenellaceae,Alistipes,Alistipes_obesi
1d895ef898d332635f6381a188fac0ec,Bacteria,Bacteroidota,Bacteroidia,Bacteroidales,Rikenellaceae,Alistipes,
30a6cb5e425db7b6363d843ff1e6cc05,Bacteria,Bacteroidota,Bacteroidia,Bacteroidales,Rikenellaceae,Alistipes,Alistipes_shahii
3b662ee9df0001b18f82c1d01b5c8bc9,Bacteria,Bacteroidota,Bacteroidia,Bacteroidales,Rikenellaceae,Alistipes,
50f51f3b2fd83e018dc2ed8482308be4,Bacteria,Bacteroidota,Bacteroidia,Bacteroidales,Rikenellaceae,Alistipes,Alistipes_sp.
5475d68f24a27ad9e7036249afe63df9,Bacteria,Bacteroidota,Bacteroidia,Bacteroidales,Rikenellaceae,Alistipes,Alistipes_sp.
ce044d7957555f237d74fd3d45131bb0,Bacteria,Bacteroidota,Bacteroidia,Bacteroidales,Rikenellaceae,Alistipes,Alistipes_inops
ee9b6d3419635fbfb2c71e2e35acff23,Bacteria,Bacteroidota,Bacteroidia,Bacteroidales,Rikenellaceae,Alistipes,
fe8df8cac43fabcd459d4bb6fbfc2c8e,Bacteria,Bacteroidota,Bacteroidia,Bacteroidales,Rikenellaceae,Alistipes,uncultured_Alistipes
d73af2828ade368137643aef97afca5b,Bacteria,Firmicutes,Negativicutes,Veillonellales-Selenomonadales,Veillonellaceae,Allisonella,uncultured_bacterium
17ec2c153eca1c47f7421d851d6160b7,Bacteria,Bacteroidota,Bacteroidia,Bacteroidales,Prevotellaceae,Alloprevotella,uncultured_organism
2068f2bf38f3992f4276f23511075943,Bacteria,Bacteroidota,Bacteroidia,Bacteroidales,Prevotellaceae,Alloprevotella,uncultured_bacterium
3f158e9083efe612daa0ffea4a0226cb,Bacteria,Bacteroidota,Bacteroidia,Bacteroidales,Prevotellaceae,Alloprevotella,
e0ae08afb50169f1b55afec829296e09,Bacteria,Bacteroidota,Bacteroidia,Bacteroidales,Prevotellaceae,Alloprevotella,Prevotellaceae_bacterium
29eea6aff57f59f44eda96cd7fe81a03,Bacteria,Firmicutes,Clostridia,Peptostreptococcales-Tissierellales,Peptostreptococcales-Tissierellales,Anaerococcus,
5b3ab9473b2e0225b93991cafde4e00c,Bacteria,Firmicutes,Clostridia,Peptostreptococcales-Tissierellales,Peptostreptococcales-Tissierellales,Anaerococcus,Anaerococcus_rubeinfantis
d9be712ff344d8961dbe661d73008e99,Bacteria,Firmicutes,Clostridia,Eubacteriales,Anaerofustaceae,Anaerofustis,
21c383b41ca091fa1119df3172d19324,Bacteria,Firmicutes,Clostridia,Lachnospirales,Lachnospiraceae,Anaerostignum,uncultured_Firmicutes
17fa930185d8b844d016f513cd1fad07,Bacteria,Firmicutes,Clostridia,Lachnospirales,Lachnospiraceae,Anaerostipes,
1ede597dafb1ff2a7309f2c70e2c0cdf,Bacteria,Firmicutes,Clostridia,Lachnospirales,Lachnospiraceae,Anaerostipes,
29aa772d6ade75fb86d7cc8ac95d902d,Bacteria,Firmicutes,Clostridia,Lachnospirales,Lachnospiraceae,Anaerostipes,
3543b3b684fa057db5b79ba440b59f59,Bacteria,Firmicutes,Clostridia,Lachnospirales,Lachnospiraceae,Anaerostipes,
6307c5b8f3497eb217ddc0a496023f7a,Bacteria,Firmicutes,Clostridia,Lachnospirales,Lachnospiraceae,Anaerostipes,
a44690829f78fa815984cf60c34c98dc,Bacteria,Firmicutes,Clostridia,Lachnospirales,Lachnospiraceae,Anaerostipes,
b92bfe25ae89357691b7d5ef5e052748,Bacteria,Firmicutes,Clostridia,Lachnospirales,Lachnospiraceae,Anaerostipes,
dbcab05ebd793a663d3768a348d6b8c9,Bacteria,Firmicutes,Clostridia,Lachnospirales,Lachnospiraceae,Anaerostipes,
7f8a18d5b31764cbe8c8ccc929d879b8,Bacteria,Firmicutes,Clostridia,Oscillospirales,Ruminococcaceae,Anaerotruncus,uncultured_organism
e376619474960d1319d296cf2dbade48,Bacteria,Firmicutes,Clostridia,Oscillospirales,Ruminococcaceae,Anaerotruncus,Anaerotruncus_sp.
5a7568681f644db7ebb4e4bc2c1f85d0,Bacteria,Firmicutes,Negativicutes,Veillonellales-Selenomonadales,Selenomonadaceae,Anaerovibrio,
4f28c27afbf40faf29ade59bf6312046,Bacteria,Actinobacteriota,Actinobacteria,Micrococcales,Micrococcaceae,Arthrobacter,
8b16a0ba9546a7db820b1b9c93fa378a,Bacteria,Firmicutes,Bacilli,Bacillales,Bacillaceae,Bacillus,Bacillus_thermoamylovorans
d8ba71f09792b2a939d6d153a323d3a6,Bacteria,Firmicutes,Bacilli,Bacillales,Bacillaceae,Bacillus,
07a4f19a58f003def85a206a83a1f26f,Bacteria,Bacteroidota,Bacteroidia,Bacteroidales,Bacteroidaceae,Bacteroides,Bacteroides_vulgatus
15106674a49fb13f4eccd967e7fcab76,Bacteria,Bacteroidota,Bacteroidia,Bacteroidales,Bacteroidaceae,Bacteroides,
15997cc9b286fbec9fdaf3cb8faf60c6,Bacteria,Bacteroidota,Bacteroidia,Bacteroidales,Bacteroidaceae,Bacteroides,Bacteroides_intestinalis
199e9f5881a3c105b8b210ffcf6f051b,Bacteria,Bacteroidota,Bacteroidia,Bacteroidales,Bacteroidaceae,Bacteroides,Bacteroides_vulgatus
1bd21a9d78f5c2b87f4b9381ec493f7b,Bacteria,Bacteroidota,Bacteroidia,Bacteroidales,Bacteroidaceae,Bacteroides,Bacteroides_vulgatus
249a34b9d179b69871b8c8c3c5e6fb84,Bacteria,Bacteroidota,Bacteroidia,Bacteroidales,Bacteroidaceae,Bacteroides,Bacteroides_ovatus
261a008fb0c9be3a91be744bdf6dd2be,Bacteria,Bacteroidota,Bacteroidia,Bacteroidales,Bacteroidaceae,Bacteroides,
30ce2a59382c03daea3ccfef08f6393c,Bacteria,Bacteroidota,Bacteroidia,Bacteroidales,Bacteroidaceae,Bacteroides,
37f732636f8ece086888fc01eb8d225a,Bacteria,Bacteroidota,Bacteroidia,Bacteroidales,Bacteroidaceae,Bacteroides,Bacteroides_plebeius
3be2b6e7ecba77bb00fa9050257e6420,Bacteria,Bacteroidota,Bacteroidia,Bacteroidales,Bacteroidaceae,Bacteroides,
42e086842c49e261872c24ae472955e4,Bacteria,Bacteroidota,Bacteroidia,Bacteroidales,Bacteroidaceae,Bacteroides,uncultured_bacterium
49e6c96c8fbb21c947cf52c73a4c81cb,Bacteria,Bacteroidota,Bacteroidia,Bacteroidales,Bacteroidaceae,Bacteroides,Bacteroides_stercoris
5612a976fd5635999cb66e9c32c5ad23,Bacteria,Bacteroidota,Bacteroidia,Bacteroidales,Bacteroidaceae,Bacteroides,
5a58c487c0c5dcadacdaf983897b6663,Bacteria,Bacteroidota,Bacteroidia,Bacteroidales,Bacteroidaceae,Bacteroides,
620c20227ab96ee01563e362860ad91a,Bacteria,Bacteroidota,Bacteroidia,Bacteroidales,Bacteroidaceae,Bacteroides,
6536fa916afbcb30bfdd954950eb5412,Bacteria,Bacteroidota,Bacteroidia,Bacteroidales,Bacteroidaceae,Bacteroides,Bacteroides_eggerthii
693954a72fae2a1c3989bc8cee6bb045,Bacteria,Bacteroidota,Bacteroidia,Bacteroidales,Bacteroidaceae,Bacteroides,Bacteroides_ovatus
6e61bcda708e9add7e48887d6460c222,Bacteria,Bacteroidota,Bacteroidia,Bacteroidales,Bacteroidaceae,Bacteroides,Bacteroides_plebeius
6eb79f7421585a1de59d1a281ac9ad1c,Bacteria,Bacteroidota,Bacteroidia,Bacteroidales,Bacteroidaceae,Bacteroides,
800e11667307cffdd591b646ca15f16b,Bacteria,Bacteroidota,Bacteroidia,Bacteroidales,Bacteroidaceae,Bacteroides,Bacteroides_intestinalis
8dee10ac2bbbf9193de7a13f0bc1c96b,Bacteria,Bacteroidota,Bacteroidia,Bacteroidales,Bacteroidaceae,Bacteroides,Bacteroides_massiliensis
8e16302a14a5f1db7d542c7bd0178a76,Bacteria,Bacteroidota,Bacteroidia,Bacteroidales,Bacteroidaceae,Bacteroides,
a486d6c3637363f989a8fbb1d8dda5e1,Bacteria,Bacteroidota,Bacteroidia,Bacteroidales,Bacteroidaceae,Bacteroides,
a7c7431eeb0991d0ca3ba8880f15f727,Bacteria,Bacteroidota,Bacteroidia,Bacteroidales,Bacteroidaceae,Bacteroides,Bacteroides_salyersiae
a8343eb33da3aa2f85dc42ea029350d5,Bacteria,Bacteroidota,Bacteroidia,Bacteroidales,Bacteroidaceae,Bacteroides,Bacteroides_coprocola
adba94a79c4715021b7a067663357922,Bacteria,Bacteroidota,Bacteroidia,Bacteroidales,Bacteroidaceae,Bacteroides,Bacteroides_vulgatus
b0b15653213935ca9d16685a77304d4c,Bacteria,Bacteroidota,Bacteroidia,Bacteroidales,Bacteroidaceae,Bacteroides,Bacteroides_eggerthii
bd7579a0054e702688e7198c1dca50a1,Bacteria,Bacteroidota,Bacteroidia,Bacteroidales,Bacteroidaceae,Bacteroides,
bfef87f2436de593f2bb3a669311079f,Bacteria,Bacteroidota,Bacteroidia,Bacteroidales,Bacteroidaceae,Bacteroides,
c0e6b3767800a9752149234f3f747795,Bacteria,Bacteroidota,Bacteroidia,Bacteroidales,Bacteroidaceae,Bacteroides,Bacteroides_coprocola
c76536b84e8937440aa5b525fb677440,Bacteria,Bacteroidota,Bacteroidia,Bacteroidales,Bacteroidaceae,Bacteroides,Bacteroides_uniformis
cc52ab1a1008b014307a037540533304,Bacteria,Bacteroidota,Bacteroidia,Bacteroidales,Bacteroidaceae,Bacteroides,Bacteroides_clarus
d978519e26683bfaa892f5be869405dc,Bacteria,Bacteroidota,Bacteroidia,Bacteroidales,Bacteroidaceae,Bacteroides,Bacteroidaceae_bacterium
dd5fc09b28fb8b2617fa9b0e377f6ba7,Bacteria,Bacteroidota,Bacteroidia,Bacteroidales,Bacteroidaceae,Bacteroides,
dde87de7650f36bb256b5c0dcefc1456,Bacteria,Bacteroidota,Bacteroidia,Bacteroidales,Bacteroidaceae,Bacteroides,
e8bef06a7ba5cf6dd2daaa2399bf6b0f,Bacteria,Bacteroidota,Bacteroidia,Bacteroidales,Bacteroidaceae,Bacteroides,Bacteroides_fragilis
42740181c2a3e94f0a48215914154c6f,Bacteria,Bacteroidota,Bacteroidia,Bacteroidales,Barnesiellaceae,Barnesiella,
5bc448693305eb8ed6ed12cba18481a0,Bacteria,Bacteroidota,Bacteroidia,Bacteroidales,Barnesiellaceae,Barnesiella,
69943f4b8b1fb6ad5f5dc050dbf23c47,Bacteria,Bacteroidota,Bacteroidia,Bacteroidales,Barnesiellaceae,Barnesiella,
88a69762ae9a3fc325d6ac917d90cb80,Bacteria,Bacteroidota,Bacteroidia,Bacteroidales,Barnesiellaceae,Barnesiella,
9e0bc5608dd0552dae0824e071a1a803,Bacteria,Bacteroidota,Bacteroidia,Bacteroidales,Barnesiellaceae,Barnesiella,
db73136dc1396e9e21546c428dac27bc,Bacteria,Bacteroidota,Bacteroidia,Bacteroidales,Barnesiellaceae,Barnesiella,uncultured_bacterium
eed5c966c35611063f54e5b55171a486,Bacteria,Bacteroidota,Bacteroidia,Bacteroidales,Barnesiellaceae,Barnesiella,
428a1be76c50662651c7ea52804f4979,Bacteria,Actinobacteriota,Actinobacteria,Bifidobacteriales,Bifidobacteriaceae,Bifidobacterium,
4cad02f121cf4d1deaccb0eb23d810d4,Bacteria,Actinobacteriota,Actinobacteria,Bifidobacteriales,Bifidobacteriaceae,Bifidobacterium,
5eb4dc9719f17f86715c26e5e04fa5a2,Bacteria,Actinobacteriota,Actinobacteria,Bifidobacteriales,Bifidobacteriaceae,Bifidobacterium,
7d5747792e318f6ccaeb6406e808971c,Bacteria,Actinobacteriota,Actinobacteria,Bifidobacteriales,Bifidobacteriaceae,Bifidobacterium,
985ce9da082f58b803e74f4b6c0f4f93,Bacteria,Actinobacteriota,Actinobacteria,Bifidobacteriales,Bifidobacteriaceae,Bifidobacterium,
6c58793b5b47d78693e4fd570d02e4eb,Bacteria,Desulfobacterota,Desulfovibrionia,Desulfovibrionales,Desulfovibrionaceae,Bilophila,
76aab9c4dbc4c206f82cc5cd8f645283,Bacteria,Desulfobacterota,Desulfovibrionia,Desulfovibrionales,Desulfovibrionaceae,Bilophila,
880a0df7d3e2ed2aebd4db3d7763ea80,Bacteria,Desulfobacterota,Desulfovibrionia,Desulfovibrionales,Desulfovibrionaceae,Bilophila,uncultured_bacterium
d6b16ac402721da3bd08087689f99d63,Bacteria,Desulfobacterota,Desulfovibrionia,Desulfovibrionales,Desulfovibrionaceae,Bilophila,uncultured_bacterium
ec90f5da6e17e5f3584e01b50691e938,Bacteria,Desulfobacterota,Desulfovibrionia,Desulfovibrionales,Desulfovibrionaceae,Bilophila,
0303f315eb6a005f510cdbfb1e0db02e,Bacteria,Firmicutes,Clostridia,Lachnospirales,Lachnospiraceae,Blautia,
0783ed3c251274bd42641e2be65cc010,Bacteria,Firmicutes,Clostridia,Lachnospirales,Lachnospiraceae,Blautia,Ruminococcus_sp.
0848e8d3cde63ead5120d66309e88482,Bacteria,Firmicutes,Clostridia,Lachnospirales,Lachnospiraceae,Blautia,Blautia_sp.
0a8d43725230f0f3b6f0d018135da9f9,Bacteria,Firmicutes,Clostridia,Lachnospirales,Lachnospiraceae,Blautia,
14596e78f8c65836612cac898ab2c810,Bacteria,Firmicutes,Clostridia,Lachnospirales,Lachnospiraceae,Blautia,
2027599a2a515c9c460af20abc9036ae,Bacteria,Firmicutes,Clostridia,Lachnospirales,Lachnospiraceae,Blautia,
2d7bf16bdd163cff14986296b710c8b6,Bacteria,Firmicutes,Clostridia,Lachnospirales,Lachnospiraceae,Blautia,
311a3a7b3fcca1c1f269f043d1311098,Bacteria,Firmicutes,Clostridia,Lachnospirales,Lachnospiraceae,Blautia,
321eeb317c034e00cc2d4337b33bb352,Bacteria,Firmicutes,Clostridia,Lachnospirales,Lachnospiraceae,Blautia,
34d783f1220935af5faebbdfd471ebae,Bacteria,Firmicutes,Clostridia,Lachnospirales,Lachnospiraceae,Blautia,
3a199ce7d3a44a623eebcf3d6d61973e,Bacteria,Firmicutes,Clostridia,Lachnospirales,Lachnospiraceae,Blautia,
3d2109204446ede1c2b1782494bd4c54,Bacteria,Firmicutes,Clostridia,Lachnospirales,Lachnospiraceae,Blautia,
4bd0369021d5661e6d2b0c1b80e35343,Bacteria,Firmicutes,Clostridia,Lachnospirales,Lachnospiraceae,Blautia,
57397c549628b9cc26f0440fcbf91766,Bacteria,Firmicutes,Clostridia,Lachnospirales,Lachnospiraceae,Blautia,
5e12be3073b064fd35e64a5f92f625d8,Bacteria,Firmicutes,Clostridia,Lachnospirales,Lachnospiraceae,Blautia,
60e3152bcb0cd202bae59c12caad9335,Bacteria,Firmicutes,Clostridia,Lachnospirales,Lachnospiraceae,Blautia,metagenome
8adda734b73e887030aef6edb8d7f482,Bacteria,Firmicutes,Clostridia,Lachnospirales,Lachnospiraceae,Blautia,
96cf4a2717bf8c0624cb920c4c7bc822,Bacteria,Firmicutes,Clostridia,Lachnospirales,Lachnospiraceae,Blautia,Blautia_hydrogenotrophica
9738db5a99adf40e2505c70fcb9adc38,Bacteria,Firmicutes,Clostridia,Lachnospirales,Lachnospiraceae,Blautia,
991b8c1e70762741fa1b9d3bdae7b17a,Bacteria,Firmicutes,Clostridia,Lachnospirales,Lachnospiraceae,Blautia,
a125d568b33c5461f77c70d344573004,Bacteria,Firmicutes,Clostridia,Lachnospirales,Lachnospiraceae,Blautia,Blautia_hydrogenotrophica
ae704e47485c53177211e4ca14e1a277,Bacteria,Firmicutes,Clostridia,Lachnospirales,Lachnospiraceae,Blautia,metagenome
b470868111d11e74248961e8672bec33,Bacteria,Firmicutes,Clostridia,Lachnospirales,Lachnospiraceae,Blautia,uncultured_Lachnospiraceae
b5caf5f8420262ef0bf8397e4edf4b48,Bacteria,Firmicutes,Clostridia,Lachnospirales,Lachnospiraceae,Blautia,
b891517826c959253e0f7390c1b40d2d,Bacteria,Firmicutes,Clostridia,Lachnospirales,Lachnospiraceae,Blautia,
c099cd468563e8a7f33c2e3223f6b7cc,Bacteria,Firmicutes,Clostridia,Lachnospirales,Lachnospiraceae,Blautia,uncultured_Blautia
eb54d316ad4d093584f6709e81b2a39d,Bacteria,Firmicutes,Clostridia,Lachnospirales,Lachnospiraceae,Blautia,
f03d7f34fcb924b25a944427dc875d0f,Bacteria,Firmicutes,Clostridia,Lachnospirales,Lachnospiraceae,Blautia,metagenome
f5141105dabdd4bfe463102711b19dce,Bacteria,Actinobacteriota,Actinobacteria,Micrococcales,Dermabacteraceae,Brachybacterium,
126954954deb5c350ce75390d4c4a86c,Bacteria,Firmicutes,Clostridia,Oscillospirales,Butyricicoccaceae,Butyricicoccus,
6b7a7cf5af68297c476365800376ad1f,Bacteria,Firmicutes,Clostridia,Oscillospirales,Butyricicoccaceae,Butyricicoccus,
8a1686e5dd3b55d987ba9c5538a52f97,Bacteria,Firmicutes,Clostridia,Oscillospirales,Butyricicoccaceae,Butyricicoccus,uncultured_bacterium
ba60ad9b257b4abbcb9f364a34ec5a46,Bacteria,Firmicutes,Clostridia,Oscillospirales,Butyricicoccaceae,Butyricicoccus,uncultured_bacterium
c7201f18ddb4db394c6232ca8cc4ee7f,Bacteria,Firmicutes,Clostridia,Oscillospirales,Butyricicoccaceae,Butyricicoccus,uncultured_organism
0d966ee74876ab6301504d3ff5b00890,Bacteria,Bacteroidota,Bacteroidia,Bacteroidales,Marinifilaceae,Butyricimonas,
20455909156f4fcffa9187a02fe7084e,Bacteria,Bacteroidota,Bacteroidia,Bacteroidales,Marinifilaceae,Butyricimonas,
82d1603cace9b3b0bf078184fc90a0fe,Bacteria,Bacteroidota,Bacteroidia,Bacteroidales,Marinifilaceae,Butyricimonas,
d51371125a8ca1dec27a7fb9d837a852,Bacteria,Bacteroidota,Bacteroidia,Bacteroidales,Marinifilaceae,Butyricimonas,
f988ad7d9bcb2a7169e0affe96ecf14e,Bacteria,Bacteroidota,Bacteroidia,Bacteroidales,Marinifilaceae,Butyricimonas,uncultured_organism
43eb38297ffa1cd3f05ab0ab8d812d8b,Bacteria,Firmicutes,Clostridia,Oscillospirales,Ruminococcaceae,CAG-352,uncultured_bacterium
672b64c108957871d524af4c969a30b0,Bacteria,Firmicutes,Clostridia,Lachnospirales,Lachnospiraceae,CAG-56,uncultured_bacterium
bcb62e09418d9bda85ee313ad0ea12d0,Bacteria,Firmicutes,Clostridia,Lachnospirales,Lachnospiraceae,CAG-56,uncultured_bacterium
50678c2ed2c9d8a4aa24cf70cdb563fc,Bacteria,Firmicutes,Clostridia,Oscillospirales,Ruminococcaceae,Candidatus_Soleaferrea,Ruminococcaceae_bacterium
7bc75b2657c97dd2c5e3e6497294361b,Bacteria,Firmicutes,Clostridia,Oscillospirales,Ruminococcaceae,Candidatus_Soleaferrea,uncultured_bacterium
b25f94772b02d684ed1cfe891a3e5e9f,Bacteria,Firmicutes,Clostridia,Oscillospirales,Ruminococcaceae,Candidatus_Soleaferrea,uncultured_Anaerotruncus
3440f352032853e150427f75545ca728,Bacteria,Firmicutes,Bacilli,Erysipelotrichales,Erysipelatoclostridiaceae,Catenibacterium,
21d84004e1dbbe042c18dc09637d2947,Bacteria,Firmicutes,Clostridia,Christensenellales,Christensenellaceae,Christensenella,Christensenella_minuta
0e1c6eece55436af18717bb500f52920,Bacteria,Firmicutes,Clostridia,Christensenellales,Christensenellaceae,Christensenellaceae_R-7_group,bacterium_YE57
16fe48ecab119b7422e5e45c0bce9847,Bacteria,Firmicutes,Clostridia,Christensenellales,Christensenellaceae,Christensenellaceae_R-7_group,uncultured_prokaryote
1bebe7331c897136ae34bb1e0abae689,Bacteria,Firmicutes,Clostridia,Christensenellales,Christensenellaceae,Christensenellaceae_R-7_group,
3aad022a405054c514e3eae56eddc50a,Bacteria,Firmicutes,Clostridia,Christensenellales,Christensenellaceae,Christensenellaceae_R-7_group,uncultured_marine
48f348c9b5eb51e9ea8db85578596989,Bacteria,Firmicutes,Clostridia,Christensenellales,Christensenellaceae,Christensenellaceae_R-7_group,
6fe9bd0adf772a4c6c47abc2423ae680,Bacteria,Firmicutes,Clostridia,Christensenellales,Christensenellaceae,Christensenellaceae_R-7_group,uncultured_prokaryote
778dfba17a5dea80a3b6641d094d69ec,Bacteria,Firmicutes,Clostridia,Christensenellales,Christensenellaceae,Christensenellaceae_R-7_group,metagenome
9bcec8b858767a4dcdf14db688741f09,Bacteria,Firmicutes,Clostridia,Christensenellales,Christensenellaceae,Christensenellaceae_R-7_group,uncultured_prokaryote
feac79daf392a8d083d491c0c53db1cd,Bacteria,Firmicutes,Clostridia,Christensenellales,Christensenellaceae,Christensenellaceae_R-7_group,
18c8558d1c67dc849b0efb8df49566df,Bacteria,Synergistota,Synergistia,Synergistales,Synergistaceae,Cloacibacillus,Cloacibacillus_evryensis
2c962b05b59a508c1ccb700062f4f82f,Bacteria,Synergistota,Synergistia,Synergistales,Synergistaceae,Cloacibacillus,Cloacibacillus_porcorum
aae63dd6fba42c240eb3ae1173e9052b,Bacteria,Synergistota,Synergistia,Synergistales,Synergistaceae,Cloacibacillus,Cloacibacillus_evryensis
1a11f420c0bede67698a949ea1ed3508,Bacteria,Firmicutes,Clostridia,Clostridia_UCG-014,Clostridia_UCG-014,Clostridia_UCG-014,
d8dc1c63091ef49728d3e2dd5f94e4b4,Bacteria,Firmicutes,Clostridia,Clostridia_UCG-014,Clostridia_UCG-014,Clostridia_UCG-014,
44382924671c60a62694784c9c59b238,Bacteria,Firmicutes,Clostridia,Clostridiales,Clostridiaceae,Clostridium_sensu_stricto_1,Clostridium_perfringens
a6b58464409fc8ee60e3869d135451b9,Bacteria,Firmicutes,Clostridia,Clostridiales,Clostridiaceae,Clostridium_sensu_stricto_1,
f43c69ae2e10d8815f2748cc503b5a62,Bacteria,Firmicutes,Clostridia,Clostridiales,Clostridiaceae,Clostridium_sensu_stricto_1,
f722e891e45d3cec0500a3a263829013,Bacteria,Firmicutes,Clostridia,Clostridiales,Clostridiaceae,Clostridium_sensu_stricto_1,
0c79300702960d98290ad66f80032b16,Bacteria,Firmicutes,Clostridia,Oscillospirales,Oscillospiraceae,Colidextribacter,
17e6137556aa0d6c7c122ecb3ee35fa4,Bacteria,Firmicutes,Clostridia,Oscillospirales,Oscillospiraceae,Colidextribacter,
36571bd8bd3d315478374a449a2ccc06,Bacteria,Firmicutes,Clostridia,Oscillospirales,Oscillospiraceae,Colidextribacter,uncultured_organism
45cff35eefb15d66faf0b059421265c3,Bacteria,Firmicutes,Clostridia,Oscillospirales,Oscillospiraceae,Colidextribacter,gut_metagenome
ba609135cc0498b6c3f22ffdecf537c0,Bacteria,Firmicutes,Clostridia,Oscillospirales,Oscillospiraceae,Colidextribacter,
f5fe58b8b9b8d8002b91878cf9745423,Bacteria,Firmicutes,Clostridia,Oscillospirales,Oscillospiraceae,Colidextribacter,
95e15d37b116e59e8f4f2f7be6fd0e78,Bacteria,Actinobacteriota,Coriobacteriia,Coriobacteriales,Coriobacteriaceae,Collinsella,
9db0db0d15b160018488191a1925204d,Bacteria,Actinobacteriota,Coriobacteriia,Coriobacteriales,Coriobacteriaceae,Collinsella,Collinsella_sp.
b982af0db2b9720ef8435d9fce0d2cf4,Bacteria,Bacteroidota,Bacteroidia,Bacteroidales,Barnesiellaceae,Coprobacter,Coprobacter_secundus
f0622e93453a22fabb014636758ca0f1,Bacteria,Bacteroidota,Bacteroidia,Bacteroidales,Barnesiellaceae,Coprobacter,
078cb98a5f70da96c82f51f548d5b68b,Bacteria,Firmicutes,Clostridia,Lachnospirales,Lachnospiraceae,Coprococcus,metagenome
7085581381c93d7099061d06dc1db9f7,Bacteria,Firmicutes,Clostridia,Lachnospirales,Lachnospiraceae,Coprococcus,Lachnospiraceae_bacterium
b583dbe96f784b448cde72f8d8e7837f,Bacteria,Firmicutes,Clostridia,Lachnospirales,Lachnospiraceae,Coprococcus,
e866ce805ce5d21a878788e1c7bbc43d,Bacteria,Firmicutes,Clostridia,Lachnospirales,Lachnospiraceae,Coprococcus,
b5de6f32f80a5da8b83de1d2fd1a5cdc,Bacteria,Firmicutes,Clostridia,Lachnospirales,Defluviitaleaceae,Defluviitaleaceae_UCG-011,uncultured_bacterium
08e9a1481ce33ebfd6863cee759e1180,Bacteria,Desulfobacterota,Desulfovibrionia,Desulfovibrionales,Desulfovibrionaceae,Desulfovibrio,metagenome
6c309c54762f5815c732b529bd7e6554,Bacteria,Desulfobacterota,Desulfovibrionia,Desulfovibrionales,Desulfovibrionaceae,Desulfovibrio,
c97af7ae451b587ea8cf51a476e8772e,Bacteria,Desulfobacterota,Desulfovibrionia,Desulfovibrionales,Desulfovibrionaceae,Desulfovibrio,Desulfovibrio_desulfuricans
049d906f6aea7cb79f1896f2ef7f6614,Bacteria,Firmicutes,Negativicutes,Veillonellales-Selenomonadales,Veillonellaceae,Dialister,
25742d99d4dad67d675feedecb505714,Bacteria,Firmicutes,Negativicutes,Veillonellales-Selenomonadales,Veillonellaceae,Dialister,Dialister_sp.
65f3f3354be65601d894039aee7bc7de,Bacteria,Firmicutes,Negativicutes,Veillonellales-Selenomonadales,Veillonellaceae,Dialister,
808e11b0afa62ece87438f0fa23638a2,Bacteria,Firmicutes,Negativicutes,Veillonellales-Selenomonadales,Veillonellaceae,Dialister,
e9e4d14c5ca879143670448abfd436c5,Bacteria,Firmicutes,Negativicutes,Veillonellales-Selenomonadales,Veillonellaceae,Dialister,
9b3a40cd9e9630c192bef0e3d78e03ca,Bacteria,Firmicutes,Bacilli,Erysipelotrichales,Erysipelotrichaceae,Dielma,
26e6ee7de6bb5a55f461050300a8efa3,Bacteria,Firmicutes,Clostridia,Lachnospirales,Lachnospiraceae,Dorea,
39ba79b38670ecc84cc6023021e4f468,Bacteria,Firmicutes,Clostridia,Lachnospirales,Lachnospiraceae,Dorea,uncultured_Dorea
73ebfd7b7d05d16a7c7a505bbad075a5,Bacteria,Firmicutes,Clostridia,Lachnospirales,Lachnospiraceae,Dorea,uncultured_Dorea
a2f08e27eafe7c931db2d3bf01c3a2ec,Bacteria,Firmicutes,Clostridia,Lachnospirales,Lachnospiraceae,Dorea,uncultured_Dorea
cd50124bddbee14f802fdf0af7f534e0,Bacteria,Firmicutes,Clostridia,Lachnospirales,Lachnospiraceae,Dorea,
d974bb8146f013d50b9b92164bdfbcfc,Bacteria,Firmicutes,Clostridia,Lachnospirales,Lachnospiraceae,Dorea,
71834ec13162910c11b41a503712e5bf,Bacteria,Firmicutes,Clostridia,Oscillospirales,Ruminococcaceae,DTU089,
bcdc8c8ef242cc7b86fdb416b0c29467,Bacteria,Firmicutes,Clostridia,Oscillospirales,Ruminococcaceae,DTU089,
0ff30b93d3676ee356d70542f3087e50,Bacteria,Actinobacteriota,Coriobacteriia,Coriobacteriales,Eggerthellaceae,Eggerthella,uncultured_bacterium
12422c4eae9d2b1f8723784d6894abda,Bacteria,Actinobacteriota,Coriobacteriia,Coriobacteriales,Eggerthellaceae,Eggerthella,uncultured_bacterium
ba0406204b92ed127278ad438d921465,Bacteria,Firmicutes,Clostridia,Lachnospirales,Lachnospiraceae,Eisenbergiella,
c05edfa8d8d757902b315df40535e8e9,Bacteria,Firmicutes,Clostridia,Lachnospirales,Lachnospiraceae,Eisenbergiella,uncultured_organism
0d449f35d292b9598bd60f50adfef0e1,Bacteria,Firmicutes,Bacilli,Lactobacillales,Enterococcaceae,Enterococcus,
70f15d991d3a6ee6617659de197b4670,Bacteria,Firmicutes,Bacilli,Lactobacillales,Enterococcaceae,Enterococcus,
1082bcc637007a587adecedf687d4df4,Bacteria,Firmicutes,Bacilli,Erysipelotrichales,Erysipelatoclostridiaceae,Erysipelatoclostridium,Massiliomicrobiota_timonensis
3f7b451ba973943df7176e96c084a2b7,Bacteria,Firmicutes,Bacilli,Erysipelotrichales,Erysipelatoclostridiaceae,Erysipelatoclostridium,[Clostridium]_spiroforme
915a1855054ae1b2d702c65b50d1a003,Bacteria,Firmicutes,Bacilli,Erysipelotrichales,Erysipelatoclostridiaceae,Erysipelatoclostridium,
b5d5febbd95245c8bd9f1bc4d1297e1e,Bacteria,Firmicutes,Bacilli,Erysipelotrichales,Erysipelatoclostridiaceae,Erysipelotrichaceae_UCG-003,
55dec237f75aba903a0d553423e3920b,Bacteria,Proteobacteria,Gammaproteobacteria,Enterobacterales,Enterobacteriaceae,Escherichia-Shigella,
9e50eea1d0003309387a968b294f661b,Bacteria,Proteobacteria,Gammaproteobacteria,Enterobacterales,Enterobacteriaceae,Escherichia-Shigella,
a314ab8c9596dc797e0ba52ee84e713a,Bacteria,Proteobacteria,Gammaproteobacteria,Enterobacterales,Enterobacteriaceae,Escherichia-Shigella,
b081072a93075f42b9d305604ef171c5,Bacteria,Proteobacteria,Gammaproteobacteria,Enterobacterales,Enterobacteriaceae,Escherichia-Shigella,
2a051f512a2be7e4679ae6a11e5df969,Bacteria,Firmicutes,Clostridia,Eubacteriales,Eubacteriaceae,Eubacterium,Eubacterium_limosum
6bb9f9486e1653dfda6dd4b00eddb257,Bacteria,Firmicutes,Clostridia,Eubacteriales,Eubacteriaceae,Eubacterium,
d12644623c66a38324cff6938aca0033,Bacteria,Firmicutes,Clostridia,Peptostreptococcales-Tissierellales,Peptostreptococcales-Tissierellales,Ezakiella,uncultured_bacterium
3cefc9d3ff8db7084f39af5b0fbf1da5,Bacteria,Firmicutes,Clostridia,Oscillospirales,Ruminococcaceae,Faecalibacterium,
7b3f34d1c5ff81b040680c340b8e0d74,Bacteria,Firmicutes,Clostridia,Oscillospirales,Ruminococcaceae,Faecalibacterium,
8b42e64d3cf03ff274382628aae3f474,Bacteria,Firmicutes,Clostridia,Oscillospirales,Ruminococcaceae,Faecalibacterium,
94db24a5d4c2f3b7390affc34e34aa9e,Bacteria,Firmicutes,Clostridia,Oscillospirales,Ruminococcaceae,Faecalibacterium,
ccb4371ee593a5851f3576c2eda927d7,Bacteria,Firmicutes,Clostridia,Oscillospirales,Ruminococcaceae,Faecalibacterium,
cdfec796e22dad0dac26c9a34c1b75cd,Bacteria,Firmicutes,Clostridia,Oscillospirales,Ruminococcaceae,Faecalibacterium,
ceccd98096a9ce8b9f379f2947cc7599,Bacteria,Firmicutes,Clostridia,Oscillospirales,Ruminococcaceae,Faecalibacterium,
de55fbfa32445fe7e85477ef9c166de1,Bacteria,Firmicutes,Clostridia,Oscillospirales,Ruminococcaceae,Faecalibacterium,metagenome
1b338de094cf53727a887e05bc67c114,Bacteria,Firmicutes,Bacilli,Erysipelotrichales,Erysipelotrichaceae,Faecalicoccus,Faecalicoccus_pleomorphus
19b1cd1bbb414d03c0e884f748d9a890,Bacteria,Firmicutes,Bacilli,Erysipelotrichales,Erysipelotrichaceae,Faecalitalea,uncultured_bacterium
30d7eb11ff564e4b3b323ecabd6af640,Bacteria,Firmicutes,Bacilli,Erysipelotrichales,Erysipelotrichaceae,Faecalitalea,Faecalitalea_cylindroides
bc7b444da0ce06d674c6d62a41e2c8c7,Bacteria,Firmicutes,Bacilli,Erysipelotrichales,Erysipelotrichaceae,Faecalitalea,Absiella_dolichum
e95302d9029e300313a81bb0f2e08b3a,Bacteria,Firmicutes,Bacilli,Erysipelotrichales,Erysipelotrichaceae,Faecalitalea,Absiella_argi
ed7f2429aba83e9de625b96f6d95ac6e,Bacteria,Firmicutes,Bacilli,Erysipelotrichales,Erysipelotrichaceae,Faecalitalea,uncultured_organism
f736b644d91191bd4d2e8ca7df298e98,Bacteria,Firmicutes,Bacilli,Erysipelotrichales,Erysipelotrichaceae,Faecalitalea,uncultured_organism
21a3829745803fc8c422478b1e2df9a7,Bacteria,Firmicutes,Clostridia,Peptostreptococcales-Tissierellales,Anaerovoracaceae,Family_XIII_AD3011_group,uncultured_bacterium
3ca64ccf1a391871b1b4596403cd9a0e,Bacteria,Firmicutes,Clostridia,Peptostreptococcales-Tissierellales,Anaerovoracaceae,Family_XIII_AD3011_group,uncultured_bacterium
522af7c3cfa2329b2f06d8d8f2555499,Bacteria,Firmicutes,Clostridia,Peptostreptococcales-Tissierellales,Anaerovoracaceae,Family_XIII_AD3011_group,uncultured_Eubacterium
81fcfbf9a80e281e08d40f81dee11bb0,Bacteria,Firmicutes,Clostridia,Peptostreptococcales-Tissierellales,Anaerovoracaceae,Family_XIII_AD3011_group,uncultured_bacterium
94a89f0e3407327fc4709aaf18524f3a,Bacteria,Firmicutes,Clostridia,Peptostreptococcales-Tissierellales,Anaerovoracaceae,Family_XIII_AD3011_group,uncultured_organism
a7f4ff5dba04382fe46d89bae015e397,Bacteria,Firmicutes,Clostridia,Peptostreptococcales-Tissierellales,Anaerovoracaceae,Family_XIII_AD3011_group,uncultured_organism
c3e0482320ad4958c32b08b3d32c4b30,Bacteria,Firmicutes,Clostridia,Peptostreptococcales-Tissierellales,Anaerovoracaceae,Family_XIII_AD3011_group,uncultured_bacterium
f66fede988bcaf6af464ba297ff37233,Bacteria,Firmicutes,Clostridia,Peptostreptococcales-Tissierellales,Anaerovoracaceae,Family_XIII_AD3011_group,
dd5a11606720997278b73c6ed6a7b85a,Bacteria,Firmicutes,Clostridia,Peptostreptococcales-Tissierellales,Anaerovoracaceae,Family_XIII_UCG-001,uncultured_bacterium
aa6b0ebec73fc3100deee137b2289d25,Bacteria,Firmicutes,Clostridia,Peptostreptococcales-Tissierellales,Peptostreptococcales-Tissierellales,Fenollaria,uncultured_bacterium
fcbc4f1490e3ab5f47c8e6f3faee06ca,Bacteria,Firmicutes,Clostridia,Peptostreptococcales-Tissierellales,Peptostreptococcales-Tissierellales,Finegoldia,uncultured_bacterium
29de71d5224a4e024f64dc618d49dc67,Bacteria,Firmicutes,Clostridia,Oscillospirales,Oscillospiraceae,Flavonifractor,uncultured_bacterium
c2051e0cc5ee9dbcc2a569a00b8bd0e7,Bacteria,Firmicutes,Clostridia,Oscillospirales,Oscillospiraceae,Flavonifractor,uncultured_bacterium
d4421b01fe3bb5c6781539dbbc158348,Bacteria,Firmicutes,Clostridia,Lachnospirales,Lachnospiraceae,Frisingicoccus,uncultured_organism
05d3dac13e4d11fcfc7c52d353df4668,Bacteria,Firmicutes,Clostridia,Lachnospirales,Lachnospiraceae,Fusicatenibacter,
4bf0aa6b7c8fe44ebbf7d272631bfc2d,Bacteria,Firmicutes,Clostridia,Lachnospirales,Lachnospiraceae,Fusicatenibacter,uncultured_organism
35237b35502d72567b2e5a30bd9962d7,Bacteria,Fusobacteriota,Fusobacteriia,Fusobacteriales,Fusobacteriaceae,Fusobacterium,Fusobacterium_mortiferum
6c705939a9aa38d2a58be657a116e091,Bacteria,Fusobacteriota,Fusobacteriia,Fusobacteriales,Fusobacteriaceae,Fusobacterium,Fusobacterium_mortiferum
8504c69e463b3fe7ebe8c3fda385f8b5,Bacteria,Fusobacteriota,Fusobacteriia,Fusobacteriales,Fusobacteriaceae,Fusobacterium,Fusobacterium_ulcerans
8b9f26a8b43750c21005aa08ce4a9f6a,Bacteria,Fusobacteriota,Fusobacteriia,Fusobacteriales,Fusobacteriaceae,Fusobacterium,
be695a133221480b040e4c8ec4510044,Bacteria,Fusobacteriota,Fusobacteriia,Fusobacteriales,Fusobacteriaceae,Fusobacterium,
cbef2d0c40d5f97662a96ea9405e8915,Bacteria,Fusobacteriota,Fusobacteriia,Fusobacteriales,Fusobacteriaceae,Fusobacterium,Fusobacterium_mortiferum
df542ea3975be4113956076b39dc4da7,Bacteria,Fusobacteriota,Fusobacteriia,Fusobacteriales,Fusobacteriaceae,Fusobacterium,Fusobacterium_mortiferum
571719178e2c4124cfa5680f0e6b4a73,Bacteria,Firmicutes,Clostridia,Lachnospirales,Lachnospiraceae,GCA-900066575,uncultured_bacterium
6782ba0b0307f98fcddf82230d1658db,Bacteria,Actinobacteriota,Coriobacteriia,Coriobacteriales,Eggerthellaceae,Gordonibacter,
eacda6e93a3dcc58e6fef8ca7a74f783,Bacteria,Proteobacteria,Gammaproteobacteria,Pasteurellales,Pasteurellaceae,Haemophilus,
7a64f39f93d549210889ed3f98621450,Bacteria,Proteobacteria,Gammaproteobacteria,Enterobacterales,Hafniaceae,Hafnia-Obesumbacterium,
296c0ce496864062888f3e24e1f41095,Bacteria,Firmicutes,Clostridia,Oscillospirales,Ruminococcaceae,Harryflintia,
40a319f2fb0b14e623401aed76a52860,Bacteria,Firmicutes,Bacilli,Erysipelotrichales,Erysipelotrichaceae,Holdemanella,
5b142c17ac5b22866531286794398443,Bacteria,Firmicutes,Bacilli,Erysipelotrichales,Erysipelotrichaceae,Holdemanella,uncultured_bacterium
2b00e9880d38ec666f1a28e466f094bd,Bacteria,Firmicutes,Bacilli,Erysipelotrichales,Erysipelotrichaceae,Holdemania,
51b19ba5d2e931d96662464a33a03764,Bacteria,Firmicutes,Bacilli,Erysipelotrichales,Erysipelotrichaceae,Holdemania,
7719328410d481e9b2160b14f4809479,Bacteria,Firmicutes,Bacilli,Erysipelotrichales,Erysipelotrichaceae,Holdemania,uncultured_bacterium
9008b88e97ffc8171496163fe2157bae,Bacteria,Firmicutes,Bacilli,Erysipelotrichales,Erysipelotrichaceae,Holdemania,uncultured_bacterium
3a6c88132906b479bd5f139b1191f4e4,Bacteria,Firmicutes,Clostridia,Lachnospirales,Lachnospiraceae,Hungatella,
72da83e91d9340ca8394bf0a115fc0ba,Bacteria,Firmicutes,Clostridia,Lachnospirales,Lachnospiraceae,Hungatella,
0deacc3563db9ade9d527f418c10564f,Bacteria,Firmicutes,Clostridia,Oscillospirales,Ruminococcaceae,Incertae_Sedis,uncultured_organism
1bbe1084da3d0a37f4010e8ccbfa368d,Bacteria,Firmicutes,Clostridia,Oscillospirales,Ruminococcaceae,Incertae_Sedis,
4c3a192f3250a63f9e647c4c8dd7d4e4,Bacteria,Firmicutes,Clostridia,Oscillospirales,Ruminococcaceae,Incertae_Sedis,[Clostridium]_leptum
e1ed36c5bf3272fbcbb4b456f520b274,Bacteria,Firmicutes,Clostridia,Oscillospirales,Ruminococcaceae,Incertae_Sedis,
f8c0d50873d73fecc6a7be9518bcd16c,Bacteria,Firmicutes,Clostridia,Oscillospirales,Ruminococcaceae,Incertae_Sedis,
24e06847c93a349aab23a6f3eb339153,Bacteria,Firmicutes,Clostridia,Peptostreptococcales-Tissierellales,Peptostreptococcaceae,Intestinibacter,uncultured_organism
932b37863232ca9e355a4396af490d6b,Bacteria,Firmicutes,Clostridia,Peptostreptococcales-Tissierellales,Peptostreptococcaceae,Intestinibacter,
cf58166f34cd0f4e9c05c29f89fb146f,Bacteria,Firmicutes,Clostridia,Peptostreptococcales-Tissierellales,Peptostreptococcaceae,Intestinibacter,
00233ea250a71136426da17f4acf7c1d,Bacteria,Firmicutes,Clostridia,Oscillospirales,Oscillospiraceae,Intestinimonas,uncultured_bacterium
65407f928382c197cf08f2450708ae5c,Bacteria,Firmicutes,Clostridia,Oscillospirales,Oscillospiraceae,Intestinimonas,Intestinimonas_butyriciproducens
0165ee954d8068b227272f841c751c79,Bacteria,Firmicutes,Clostridia,Lachnospirales,Lachnospiraceae,Lachnoclostridium,[Clostridium]_scindens
01a3cd6df59ecfa1eb5db95e59db4a0f,Bacteria,Firmicutes,Clostridia,Lachnospirales,Lachnospiraceae,Lachnoclostridium,
0cdb5b85913c65f794a633365b2b293e,Bacteria,Firmicutes,Clostridia,Lachnospirales,Lachnospiraceae,Lachnoclostridium,
229be1122e689f75d1e30aa0526c0367,Bacteria,Firmicutes,Clostridia,Lachnospirales,Lachnospiraceae,Lachnoclostridium,
2493ca09b41f53853a50412498fa2fa1,Bacteria,Firmicutes,Clostridia,Lachnospirales,Lachnospiraceae,Lachnoclostridium,unidentified
2afb9a73086351802ff08f35a47ff5ae,Bacteria,Firmicutes,Clostridia,Lachnospirales,Lachnospiraceae,Lachnoclostridium,[Clostridium]_aldenense
2f7286ed5102c5a71625e595e8bce02c,Bacteria,Firmicutes,Clostridia,Lachnospirales,Lachnospiraceae,Lachnoclostridium,
3eb342d8b1a1f31ccf9c64622052a624,Bacteria,Firmicutes,Clostridia,Lachnospirales,Lachnospiraceae,Lachnoclostridium,
4657d4614987adb093a7ce4cabbde4a4,Bacteria,Firmicutes,Clostridia,Lachnospirales,Lachnospiraceae,Lachnoclostridium,
504911441506a0bd4ee2f3417e4ebf97,Bacteria,Firmicutes,Clostridia,Lachnospirales,Lachnospiraceae,Lachnoclostridium,uncultured_organism
6d78703b2119bc015fb3072ba62cfe16,Bacteria,Firmicutes,Clostridia,Lachnospirales,Lachnospiraceae,Lachnoclostridium,uncultured_Clostridium
6e29bce81edecd9be9a1614b9e2dccab,Bacteria,Firmicutes,Clostridia,Lachnospirales,Lachnospiraceae,Lachnoclostridium,
72658d767196aa077b02408969ff7545,Bacteria,Firmicutes,Clostridia,Lachnospirales,Lachnospiraceae,Lachnoclostridium,
74facfd24fd60c6571af5a292106e5a3,Bacteria,Firmicutes,Clostridia,Lachnospirales,Lachnospiraceae,Lachnoclostridium,[Clostridium]_aldenense
81fb3b1aff8f7cfcfb0e5dfd8a3e0c69,Bacteria,Firmicutes,Clostridia,Lachnospirales,Lachnospiraceae,Lachnoclostridium,
a5d99c2bec8979327e2ed963d5928b71,Bacteria,Firmicutes,Clostridia,Lachnospirales,Lachnospiraceae,Lachnoclostridium,uncultured_organism
b8e18bef11f96996a56cc28ba9c720e5,Bacteria,Firmicutes,Clostridia,Lachnospirales,Lachnospiraceae,Lachnoclostridium,
bd6770ce4aa69b5d7a2efad5fc54aaa4,Bacteria,Firmicutes,Clostridia,Lachnospirales,Lachnospiraceae,Lachnoclostridium,
c5d62c6b4c7f44a8db2d58eae36ad079,Bacteria,Firmicutes,Clostridia,Lachnospirales,Lachnospiraceae,Lachnoclostridium,
c645bd156846f0367d4f5186443f4717,Bacteria,Firmicutes,Clostridia,Lachnospirales,Lachnospiraceae,Lachnoclostridium,Eubacterium_sp.
d58bd82f787709e77a655797d737f20b,Bacteria,Firmicutes,Clostridia,Lachnospirales,Lachnospiraceae,Lachnoclostridium,human_gut
e2c71e46d7e02a5ebb724f214fe621fa,Bacteria,Firmicutes,Clostridia,Lachnospirales,Lachnospiraceae,Lachnoclostridium,Mordavella_sp.
e9c245695f428f8d7c9b9800895cf542,Bacteria,Firmicutes,Clostridia,Lachnospirales,Lachnospiraceae,Lachnoclostridium,
f2ec68192c54fee94dcc2d75f589f659,Bacteria,Firmicutes,Clostridia,Lachnospirales,Lachnospiraceae,Lachnoclostridium,
03431d7f15d9a1498132d31b7b1f46f9,Bacteria,Firmicutes,Clostridia,Lachnospirales,Lachnospiraceae,Lachnospira,
0a35fc9ee6cdd8724d6d80d7beb88701,Bacteria,Firmicutes,Clostridia,Lachnospirales,Lachnospiraceae,Lachnospira,uncultured_bacterium
74e8f57eab7b7959b267e0c8c1462862,Bacteria,Firmicutes,Clostridia,Lachnospirales,Lachnospiraceae,Lachnospira,
d306c6e02c2c903f330323d0dcc2f328,Bacteria,Firmicutes,Clostridia,Lachnospirales,Lachnospiraceae,Lachnospira,
970346b5589487485ba2d683fd98791c,Bacteria,Firmicutes,Clostridia,Lachnospirales,Lachnospiraceae,Lachnospiraceae_FCS020_group,uncultured_organism
b2a630a0bbaf5c993f55af8fe7c7d63c,Bacteria,Firmicutes,Clostridia,Lachnospirales,Lachnospiraceae,Lachnospiraceae_FCS020_group,uncultured_Clostridium
8230bd061f79e946232c53bc9f742a60,Bacteria,Firmicutes,Clostridia,Lachnospirales,Lachnospiraceae,Lachnospiraceae_ND3007_group,metagenome
0c42e4ea67840a21bc5f0283a77c1eb9,Bacteria,Firmicutes,Clostridia,Lachnospirales,Lachnospiraceae,Lachnospiraceae_NK4A136_group,
254dffde13314bdc7f54ccf0d01d1566,Bacteria,Firmicutes,Clostridia,Lachnospirales,Lachnospiraceae,Lachnospiraceae_NK4A136_group,
27544d39805b2347f510fae1b265929b,Bacteria,Firmicutes,Clostridia,Lachnospirales,Lachnospiraceae,Lachnospiraceae_NK4A136_group,uncultured_Clostridium
6fbba98462efe3a0e380c75675599792,Bacteria,Firmicutes,Clostridia,Lachnospirales,Lachnospiraceae,Lachnospiraceae_NK4A136_group,
c0ff0eda87de5fb0eaff5d799fdd0b98,Bacteria,Firmicutes,Clostridia,Lachnospirales,Lachnospiraceae,Lachnospiraceae_NK4A136_group,metagenome
f75d205132dd277276108bac9b63f002,Bacteria,Firmicutes,Clostridia,Lachnospirales,Lachnospiraceae,Lachnospiraceae_NK4A136_group,
906f9a22faaf32667927e8705ca1d659,Bacteria,Firmicutes,Clostridia,Lachnospirales,Lachnospiraceae,Lachnospiraceae_UCG-004,
aa6b1c04da81c3eeff8c3b6cd1a828a1,Bacteria,Firmicutes,Clostridia,Lachnospirales,Lachnospiraceae,Lachnospiraceae_UCG-004,
d2d22735a9cdd09e4a900a94eca2d6d6,Bacteria,Firmicutes,Clostridia,Lachnospirales,Lachnospiraceae,Lachnospiraceae_UCG-004,uncultured_organism
1d9027b6dce77d882eea641123d4bde7,Bacteria,Firmicutes,Clostridia,Lachnospirales,Lachnospiraceae,Lachnospiraceae_UCG-008,uncultured_organism
55ec79d95510486259b479733dd802e0,Bacteria,Firmicutes,Clostridia,Lachnospirales,Lachnospiraceae,Lachnospiraceae_UCG-008,uncultured_organism
6849b5d81c9aa8ae5bae4ce6391fe837,Bacteria,Firmicutes,Clostridia,Lachnospirales,Lachnospiraceae,Lachnospiraceae_UCG-010,uncultured_organism
721d3fdfefea8b7eea842f989ef83c95,Bacteria,Firmicutes,Clostridia,Lachnospirales,Lachnospiraceae,Lachnospiraceae_UCG-010,uncultured_organism
28591a0246ff34e7c6d465c587d8eed4,Bacteria,Firmicutes,Bacilli,Lactobacillales,Lactobacillaceae,Lactobacillus,Lactobacillus_amylovorus
2e9443f8a48402d5fdd4dd5909648ec5,Bacteria,Firmicutes,Bacilli,Lactobacillales,Lactobacillaceae,Lactobacillus,Lactobacillus_fermentum
87816528375f1b9169f5937c608944eb,Bacteria,Firmicutes,Bacilli,Lactobacillales,Lactobacillaceae,Lactobacillus,Lactobacillus_ruminis
aa6f4862e4aa6a8e5b10c06d2eaca658,Bacteria,Firmicutes,Bacilli,Lactobacillales,Lactobacillaceae,Lactobacillus,
ce2f0f3f2711d8070028e6f31abee998,Bacteria,Firmicutes,Bacilli,Lactobacillales,Lactobacillaceae,Lactobacillus,
dbb0d4e0b90154448c371c5028196dd3,Bacteria,Firmicutes,Bacilli,Lactobacillales,Lactobacillaceae,Lactobacillus,Lactobacillus_mucosae
52cac8ac21c463b79a523703410ab016,Bacteria,Firmicutes,Bacilli,Lactobacillales,Streptococcaceae,Lactococcus,Lactococcus_garvieae
9c9150ac309de2da3bdd48a29316e30e,Bacteria,Firmicutes,Bacilli,Lactobacillales,Streptococcaceae,Lactococcus,
39f576da2ef52bea4de49dfdc4c808c3,Bacteria,Firmicutes,Clostridia,Lachnospirales,Lachnospiraceae,Lactonifactor,uncultured_bacterium
0d24b6fb6a0c1f66ad8c5b26d8356f73,Bacteria,Firmicutes,Bacilli,Lactobacillales,Leuconostocaceae,Leuconostoc,
3105a914f9e43915f2a016c355ca72f6,Bacteria,Firmicutes,Bacilli,Lactobacillales,Leuconostocaceae,Leuconostoc,
5c52cc6bf878e2463baed62d87949f71,Bacteria,Firmicutes,Bacilli,Lactobacillales,Leuconostocaceae,Leuconostoc,
77978a0dfc5c2a3a09a2571dbc45dcc2,Bacteria,Firmicutes,Bacilli,Lactobacillales,Leuconostocaceae,Leuconostoc,
c422e3e82ef795b11022c78c32e8a400,Bacteria,Firmicutes,Bacilli,Lactobacillales,Leuconostocaceae,Leuconostoc,Leuconostoc_fallax
eafe44f5c1fc2801c89a8bf275dbcac5,Bacteria,Firmicutes,Bacilli,Lactobacillales,Leuconostocaceae,Leuconostoc,
898fb4066fce2ff1f14554a38ecbd902,Bacteria,Firmicutes,Clostridia,Lachnospirales,Lachnospiraceae,Marvinbryantia,
bf092ee56c0b8ae57c5e6ff3734e2917,Bacteria,Firmicutes,Clostridia,Lachnospirales,Lachnospiraceae,Marvinbryantia,
d450a7b64d3951f1155d150044162d6d,Bacteria,Firmicutes,Clostridia,Lachnospirales,Lachnospiraceae,Marvinbryantia,
67b60f34f8e87b924b6d75db4d5a7db6,Bacteria,Firmicutes,Negativicutes,Veillonellales-Selenomonadales,Selenomonadaceae,Megamonas,uncultured_organism
36ade5136c88a84e15c5bf29bc66b51d,Bacteria,Firmicutes,Negativicutes,Veillonellales-Selenomonadales,Veillonellaceae,Megasphaera,
44662ad6af19db27a8e99bdebcd37b24,Bacteria,Firmicutes,Negativicutes,Veillonellales-Selenomonadales,Veillonellaceae,Megasphaera,uncultured_organism
b6dd6c28f664526ff97611f6a551ecce,Bacteria,Firmicutes,Negativicutes,Veillonellales-Selenomonadales,Veillonellaceae,Megasphaera,
db867deda1a9109af343cb8c633eb2da,Bacteria,Firmicutes,Negativicutes,Veillonellales-Selenomonadales,Veillonellaceae,Megasphaera,Megasphaera_hexanoica
632319be7e53568ec38dffb8b7580046,Bacteria,Firmicutes,Bacilli,Erysipelotrichales,Erysipelotrichaceae,Merdibacter,uncultured_bacterium
6d792499a2ec55dd2bac3b8ddab2fa30,Bacteria,Firmicutes,Bacilli,Erysipelotrichales,Erysipelotrichaceae,Merdibacter,
a89f8bad85495cf22a771f189dc24502,Archaea,Euryarchaeota,Methanobacteria,Methanobacteriales,Methanobacteriaceae,Methanobrevibacter,
0015788feb0a161723e0556b96d42e6a,Bacteria,Firmicutes,Negativicutes,Veillonellales-Selenomonadales,Selenomonadaceae,Mitsuokella,uncultured_bacterium
9b4ec963e4058b57795ccadeff9d4659,Bacteria,Firmicutes,Negativicutes,Veillonellales-Selenomonadales,Selenomonadaceae,Mitsuokella,
c9ca356e6c58dcc158b33df2f9c443f1,Bacteria,Firmicutes,Negativicutes,Veillonellales-Selenomonadales,Selenomonadaceae,Mitsuokella,
fe76b3de71892c452778b531aa7e267e,Bacteria,Firmicutes,Negativicutes,Veillonellales-Selenomonadales,Selenomonadaceae,Mitsuokella,uncultured_bacterium
221ccec71dd79303bf5e6f4ad16876e0,Bacteria,Firmicutes,Clostridia,Monoglobales,Monoglobaceae,Monoglobus,
5533fe2e1933423f899634c2d4b9511d,Bacteria,Firmicutes,Clostridia,Monoglobales,Monoglobaceae,Monoglobus,
83b6267b0595eaae3fabaca86c1291bf,Bacteria,Firmicutes,Clostridia,Monoglobales,Monoglobaceae,Monoglobus,uncultured_bacterium
aca84b60c9e5da69fe2740823d7165f3,Bacteria,Proteobacteria,Gammaproteobacteria,Enterobacterales,Morganellaceae,Morganella,
e0af188fa5001bfbfb06d2f029bf41d6,Bacteria,Firmicutes,Clostridia,Lachnospirales,Lachnospiraceae,Moryella,human_gut
40fd7199e1e772387bb2f8529bf071ba,Bacteria,Firmicutes,Clostridia,Oscillospirales,Ruminococcaceae,Negativibacillus,uncultured_bacterium
a9a75789fb24aa75252de1720281718d,Bacteria,Firmicutes,Clostridia,Oscillospirales,Ruminococcaceae,Negativibacillus,uncultured_bacterium
ae176966aa9f5b0a34f0190c45cb8962,Bacteria,Firmicutes,Clostridia,Oscillospirales,Ruminococcaceae,Negativibacillus,
d7772122760fd9e1c1582f7963b5008f,Bacteria,Firmicutes,Clostridia,Oscillospirales,Ruminococcaceae,Negativibacillus,
0f12f34109ff476e21f11ed01daa3c6f,Bacteria,Firmicutes,Clostridia,Oscillospirales,Oscillospiraceae,NK4A214_group,uncultured_organism
33ed3e8f6538018861c03a79e4071149,Bacteria,Firmicutes,Clostridia,Oscillospirales,Oscillospiraceae,NK4A214_group,metagenome
6cf9445c3d64181203cda030e0a9e6b4,Bacteria,Firmicutes,Clostridia,Oscillospirales,Oscillospiraceae,NK4A214_group,metagenome
9593a408249ca90842bc98bb4c003b44,Bacteria,Bacteroidota,Bacteroidia,Bacteroidales,Marinifilaceae,Odoribacter,
61c792935e4027386a97a2f551a6054a,Bacteria,Actinobacteriota,Coriobacteriia,Coriobacteriales,Atopobiaceae,Olsenella,metagenome
68abd1b337c38a3ff4633f6c29796cf8,Bacteria,Actinobacteriota,Coriobacteriia,Coriobacteriales,Atopobiaceae,Olsenella,uncultured_Olsenella
08d5f70fc21651b90c62a4f9e88ce257,Bacteria,Firmicutes,Clostridia,Oscillospirales,Oscillospiraceae,Oscillibacter,
12c97f60590ea4829a827b1684342a0a,Bacteria,Firmicutes,Clostridia,Oscillospirales,Oscillospiraceae,Oscillibacter,uncultured_bacterium
a5b32c44e35f9a1e831044665b6b12cd,Bacteria,Firmicutes,Clostridia,Oscillospirales,Oscillospiraceae,Oscillibacter,human_gut
e338589c63178f7454343052fbc1e0cb,Bacteria,Firmicutes,Clostridia,Oscillospirales,Oscillospiraceae,Oscillibacter,uncultured_bacterium
e8f7b2194b330b0946a1bdbf3cb8a0a6,Bacteria,Firmicutes,Clostridia,Oscillospirales,Oscillospiraceae,Oscillospira,uncultured_bacterium
2499524f434e8d0fed2398df802b857f,Bacteria,Bacteroidota,Bacteroidia,Bacteroidales,Tannerellaceae,Parabacteroides,Parabacteroides_merdae
26bfea76504d103fe080d240a030c3ab,Bacteria,Bacteroidota,Bacteroidia,Bacteroidales,Tannerellaceae,Parabacteroides,Parabacteroides_distasonis
2a5a5619edaab43be25720b12567dc92,Bacteria,Bacteroidota,Bacteroidia,Bacteroidales,Tannerellaceae,Parabacteroides,Parabacteroides_distasonis
368f8cc521a44c598353a9ba88e762de,Bacteria,Bacteroidota,Bacteroidia,Bacteroidales,Tannerellaceae,Parabacteroides,
44957d168c9bad8cc1d040ef0c87afcb,Bacteria,Bacteroidota,Bacteroidia,Bacteroidales,Tannerellaceae,Parabacteroides,Parabacteroides_gordonii
7ff07f76445cf873dda6981b549fba05,Bacteria,Bacteroidota,Bacteroidia,Bacteroidales,Tannerellaceae,Parabacteroides,Parabacteroides_distasonis
96db7b8ae06356b961e79292e3899654,Bacteria,Bacteroidota,Bacteroidia,Bacteroidales,Tannerellaceae,Parabacteroides,
b05c9b85aeb720f85dc687a253727437,Bacteria,Bacteroidota,Bacteroidia,Bacteroidales,Tannerellaceae,Parabacteroides,Parabacteroides_distasonis
d617776479453e5c72bc2839902502fe,Bacteria,Bacteroidota,Bacteroidia,Bacteroidales,Tannerellaceae,Parabacteroides,Parabacteroides_distasonis
9ccd4f458d606c5100af01afebac395d,Bacteria,Firmicutes,Clostridia,Peptostreptococcales-Tissierellales,Peptostreptococcaceae,Paraclostridium,
f3645842da081c42e5dbbc9d875d26c3,Bacteria,Bacteroidota,Bacteroidia,Bacteroidales,Prevotellaceae,Paraprevotella,Paraprevotella_xylaniphila
58082e6ac58744d19b8c646980a340db,Bacteria,Proteobacteria,Gammaproteobacteria,Burkholderiales,Sutterellaceae,Parasutterella,uncultured_organism
c01757ae4b82ec1466220751ff0545c5,Bacteria,Proteobacteria,Gammaproteobacteria,Burkholderiales,Sutterellaceae,Parasutterella,
d6f35bc96232e54b456c4c85f07412c9,Bacteria,Proteobacteria,Gammaproteobacteria,Burkholderiales,Sutterellaceae,Parasutterella,Parasutterella_secunda
434f1cf71fe23bcf20ce172a1909c07d,Bacteria,Firmicutes,Clostridia,Peptostreptococcales-Tissierellales,Peptostreptococcales-Tissierellales,Parvimonas,
63c7c25adfe4b5f4a1972236fc973cd4,Bacteria,Firmicutes,Bacilli,Lactobacillales,Lactobacillaceae,Pediococcus,
19436fbbc38033380f0e01f04f4edcd8,Bacteria,Firmicutes,Clostridia,Peptococcales,Peptococcaceae,Peptococcus,uncultured_bacterium
40ab363e7d411a150e7bcc6fd9784d1b,Bacteria,Firmicutes,Clostridia,Peptococcales,Peptococcaceae,Peptococcus,
a660f17181b26c37222c7f8197368ae3,Bacteria,Firmicutes,Clostridia,Peptococcales,Peptococcaceae,Peptococcus,uncultured_bacterium
c329393a693b830798778f617e70357a,Bacteria,Firmicutes,Clostridia,Peptococcales,Peptococcaceae,Peptococcus,uncultured_bacterium
158e279c3fe3fc1d58dee10706d3f471,Bacteria,Firmicutes,Clostridia,Peptostreptococcales-Tissierellales,Peptostreptococcales-Tissierellales,Peptoniphilus,
267a1e615b82aa5a6f7a28ec19d7c999,Bacteria,Firmicutes,Clostridia,Peptostreptococcales-Tissierellales,Peptostreptococcales-Tissierellales,Peptoniphilus,Peptoniphilus_coxii
2f03d4468038a9a3567705836f68464e,Bacteria,Firmicutes,Clostridia,Peptostreptococcales-Tissierellales,Peptostreptococcales-Tissierellales,Peptoniphilus,Peptoniphilus_urinimassiliensis
5b3ea79430b99e6c7ffe33f385584e04,Bacteria,Firmicutes,Clostridia,Peptostreptococcales-Tissierellales,Peptostreptococcaceae,Peptostreptococcus,uncultured_bacterium
74986c5abcc4ad4c2ccca0756da32c08,Bacteria,Firmicutes,Clostridia,Peptostreptococcales-Tissierellales,Peptostreptococcaceae,Peptostreptococcus,
0690a8515b11a918ece743d0dcd26b47,Bacteria,Firmicutes,Negativicutes,Acidaminococcales,Acidaminococcaceae,Phascolarctobacterium,uncultured_Veillonellaceae
7622d501881b4921e298021f98dbc73a,Bacteria,Firmicutes,Negativicutes,Acidaminococcales,Acidaminococcaceae,Phascolarctobacterium,
b3793a0de65de9a812c44da5be1beabc,Bacteria,Firmicutes,Negativicutes,Acidaminococcales,Acidaminococcaceae,Phascolarctobacterium,
d30b4d47b9ae1d1627a5a7abdd21b726,Bacteria,Firmicutes,Negativicutes,Acidaminococcales,Acidaminococcaceae,Phascolarctobacterium,uncultured_Veillonellaceae
4e5be3f80acc718d596fe3db51b451b1,Bacteria,Firmicutes,Clostridia,Oscillospirales,Ruminococcaceae,Phocea,uncultured_bacterium
aa4b8958d933b3716c122646fffa10be,Bacteria,Firmicutes,Clostridia,Oscillospirales,Ruminococcaceae,Phocea,uncultured_bacterium
f7770f9fc9a5465d3bfebbbbf3394963,Bacteria,Firmicutes,Clostridia,Oscillospirales,Ruminococcaceae,Phocea,uncultured_bacterium
1f4c51afeaa42bf0cabd6f419ad6c880,Bacteria,Bacteroidota,Bacteroidia,Bacteroidales,Prevotellaceae,Prevotella,
3b4dd9574aa90a67995dfdbc2a4bd5be,Bacteria,Bacteroidota,Bacteroidia,Bacteroidales,Prevotellaceae,Prevotella,
46a2f818ecafd5390fc97429e4556b7b,Bacteria,Bacteroidota,Bacteroidia,Bacteroidales,Prevotellaceae,Prevotella,Prevotella_copri
822ad6982524e1690534ef6c9b5288c6,Bacteria,Bacteroidota,Bacteroidia,Bacteroidales,Prevotellaceae,Prevotella,
c8285a7d3fdea9057421c55cf4174d50,Bacteria,Bacteroidota,Bacteroidia,Bacteroidales,Prevotellaceae,Prevotella,Prevotellaceae_bacterium
cf26ae044a579d480472718522fefedc,Bacteria,Bacteroidota,Bacteroidia,Bacteroidales,Prevotellaceae,Prevotella,Prevotellaceae_bacterium
e1957692a309e829a460d98cf9755124,Bacteria,Bacteroidota,Bacteroidia,Bacteroidales,Prevotellaceae,Prevotella,
e52048f53c0e87b3d122fd35206cc5cc,Bacteria,Bacteroidota,Bacteroidia,Bacteroidales,Prevotellaceae,Prevotella,
f1b0e80d4a7f097c49d8bd3f6c38a370,Bacteria,Bacteroidota,Bacteroidia,Bacteroidales,Prevotellaceae,Prevotella,
fc588309e136ea1cfd3d846ae6f69e7b,Bacteria,Bacteroidota,Bacteroidia,Bacteroidales,Prevotellaceae,Prevotella,
8bdeeeefa70083135e41961014b3a6a0,Bacteria,Proteobacteria,Gammaproteobacteria,Enterobacterales,Morganellaceae,Proteus,
4497345d542f2f33bbf5a11997d31838,Bacteria,Firmicutes,Bacilli,RF39,RF39,RF39,gut_metagenome
b05739fd6092c56d0cc50a0294c95688,Bacteria,Bacteroidota,Bacteroidia,Bacteroidales,Rikenellaceae,Rikenellaceae_RC9_gut_group,uncultured_bacterium
b658ec653ba073c155c531af3ec19764,Bacteria,Firmicutes,Clostridia,Peptostreptococcales-Tissierellales,Peptostreptococcaceae,Romboutsia,
4bcb36d6bbddf1258ec3e6bf2ac3d47f,Bacteria,Firmicutes,Clostridia,Lachnospirales,Lachnospiraceae,Roseburia,
7116b4abee14c5b1b57264ec4db37e34,Bacteria,Firmicutes,Clostridia,Lachnospirales,Lachnospiraceae,Roseburia,uncultured_Roseburia
09379146a863840a6bda3e88db2056b9,Bacteria,Actinobacteriota,Actinobacteria,Micrococcales,Micrococcaceae,Rothia,
121a9454b50c01d66124be4ad09887bf,Bacteria,Firmicutes,Clostridia,Oscillospirales,Ruminococcaceae,Ruminococcus,
1649beb59720c6bc9e256d88dcd5d889,Bacteria,Firmicutes,Clostridia,Oscillospirales,Ruminococcaceae,Ruminococcus,metagenome
a28ac3af642c88ba846c4b78e30478de,Bacteria,Firmicutes,Clostridia,Oscillospirales,Ruminococcaceae,Ruminococcus,Ruminococcus_bicirculans
c3891f232cb2a56db1448392835008d8,Bacteria,Firmicutes,Clostridia,Oscillospirales,Ruminococcaceae,Ruminococcus,
d5b27da654071a1fc3955ff41719858d,Bacteria,Firmicutes,Clostridia,Oscillospirales,Ruminococcaceae,Ruminococcus,uncultured_Ruminococcus
07c6a00d38e7183e0d511053eb1089e8,Bacteria,Firmicutes,Clostridia,Lachnospirales,Lachnospiraceae,Sellimonas,uncultured_organism
0ee6ca87e8a8dd79de89b3991fc3059f,Bacteria,Firmicutes,Clostridia,Lachnospirales,Lachnospiraceae,Sellimonas,uncultured_Firmicutes
0eeaca2777b3e5e04d0c958d15fddb4b,Bacteria,Firmicutes,Clostridia,Lachnospirales,Lachnospiraceae,Sellimonas,
143d9fa0c22e558740351ce90a52fb3d,Bacteria,Firmicutes,Clostridia,Lachnospirales,Lachnospiraceae,Sellimonas,
41d2501be1739a374bcf0a42ad2addbb,Bacteria,Firmicutes,Clostridia,Lachnospirales,Lachnospiraceae,Sellimonas,Lachnoclostridium_phocaeense
664a2081d8248b91e3dcd86d0d428673,Bacteria,Firmicutes,Clostridia,Lachnospirales,Lachnospiraceae,Sellimonas,uncultured_Firmicutes
7ebb53eae36a5483b1db4f4e2a0a4f9d,Bacteria,Firmicutes,Clostridia,Lachnospirales,Lachnospiraceae,Sellimonas,uncultured_bacterium
8204d8b968375b07f5bbc44f829a2953,Bacteria,Firmicutes,Clostridia,Lachnospirales,Lachnospiraceae,Sellimonas,uncultured_bacterium
7614847f2f39cad96b5633b2153b943b,Bacteria,Actinobacteriota,Coriobacteriia,Coriobacteriales,Eggerthellaceae,Senegalimassilia,uncultured_bacterium
a556cdc0f295261469eb662b613368ea,Bacteria,Actinobacteriota,Coriobacteriia,Coriobacteriales,Eggerthellaceae,Senegalimassilia,uncultured_bacterium
9a02593ce0c71d9ba88fee06920c63b9,Bacteria,Firmicutes,Clostridia,Lachnospirales,Lachnospiraceae,Shuttleworthia,uncultured_bacterium
5e33187c5f00607d9f5dd371b9e8e8c9,Bacteria,Actinobacteriota,Coriobacteriia,Coriobacteriales,Eggerthellaceae,Slackia,
709384f466ba35b700295f929400d2c6,Bacteria,Firmicutes,Bacilli,Lactobacillales,Streptococcaceae,Streptococcus,Streptococcus_anginosus
74eb3956b08e6394954eb2225dea2dab,Bacteria,Firmicutes,Bacilli,Lactobacillales,Streptococcaceae,Streptococcus,
adfeda5943edac67cf7804a93fc6f54c,Bacteria,Firmicutes,Bacilli,Lactobacillales,Streptococcaceae,Streptococcus,
d9710633fb01fb9267f7a190884dbb46,Bacteria,Firmicutes,Bacilli,Lactobacillales,Streptococcaceae,Streptococcus,Streptococcus_salivarius
df8a95c8343c2aae2148aebf396b2933,Bacteria,Firmicutes,Bacilli,Lactobacillales,Streptococcaceae,Streptococcus,
02308b59d5b92053899d170865f5e640,Bacteria,Firmicutes,Clostridia,Oscillospirales,Ruminococcaceae,Subdoligranulum,uncultured_organism
2c5a6d761af7f2060a6821bf80f498f4,Bacteria,Firmicutes,Clostridia,Oscillospirales,Ruminococcaceae,Subdoligranulum,
49af1de83c5da75e08bda44da6fc6dd3,Bacteria,Firmicutes,Clostridia,Oscillospirales,Ruminococcaceae,Subdoligranulum,
5949a6c54fa92725c75a33c6fbd59c4e,Bacteria,Firmicutes,Clostridia,Oscillospirales,Ruminococcaceae,Subdoligranulum,
7ba62578fa11ea1dd03a2aaf4731f883,Bacteria,Firmicutes,Clostridia,Oscillospirales,Ruminococcaceae,Subdoligranulum,uncultured_organism
8264ac7a221d251886fa8478d52a0be3,Bacteria,Firmicutes,Clostridia,Oscillospirales,Ruminococcaceae,Subdoligranulum,
837d0594f6b98ddcf4fef1eb606da559,Bacteria,Firmicutes,Clostridia,Oscillospirales,Ruminococcaceae,Subdoligranulum,
9b81e328cf9db4f9f6023fbbcfffacbe,Bacteria,Firmicutes,Clostridia,Oscillospirales,Ruminococcaceae,Subdoligranulum,
a20562775946190e3f56204a6ac8306b,Bacteria,Firmicutes,Clostridia,Oscillospirales,Ruminococcaceae,Subdoligranulum,
c69f29419e64c6039558123f27b2ca36,Bacteria,Firmicutes,Clostridia,Oscillospirales,Ruminococcaceae,Subdoligranulum,
eac80ea08579bc275813a224b52c62a0,Bacteria,Firmicutes,Clostridia,Oscillospirales,Ruminococcaceae,Subdoligranulum,
34e5f11b9c522a71c1c3fcc20ece8017,Bacteria,Firmicutes,Negativicutes,Acidaminococcales,Acidaminococcaceae,Succiniclasticum,uncultured_bacterium
448c6444c5f0fd325615459f0c5ccf58,Bacteria,Proteobacteria,Gammaproteobacteria,Burkholderiales,Sutterellaceae,Sutterella,gut_metagenome
7ab23851bfccc2724f15819b7de7af44,Bacteria,Proteobacteria,Gammaproteobacteria,Burkholderiales,Sutterellaceae,Sutterella,
7c9886d52e0d9c2df942576a05e94866,Bacteria,Proteobacteria,Gammaproteobacteria,Burkholderiales,Sutterellaceae,Sutterella,
c3b7c53709fd5bc9d5ca765facc713e4,Bacteria,Proteobacteria,Gammaproteobacteria,Burkholderiales,Sutterellaceae,Sutterella,Sutterella_sp.
ef1f67e7b5475a9065568858b5da4b18,Bacteria,Proteobacteria,Gammaproteobacteria,Burkholderiales,Sutterellaceae,Sutterella,gut_metagenome
f3665287f98e6ee46bfbadd75dcdbdc5,Bacteria,Proteobacteria,Gammaproteobacteria,Burkholderiales,Sutterellaceae,Sutterella,
fa35b3aa1b728710aa2d26c18c8d753a,Bacteria,Proteobacteria,Gammaproteobacteria,Burkholderiales,Sutterellaceae,Sutterella,gut_metagenome
2d1b008a41db30a9793704fffbd6cea7,Bacteria,Firmicutes,Bacilli,Erysipelotrichales,Erysipelotrichaceae,Turicibacter,
60e98fffe4c90e5c8822083ee3644095,Bacteria,Firmicutes,Bacilli,Erysipelotrichales,Erysipelotrichaceae,Turicibacter,
e92b09cbda2c37f0f45113481eb7729c,Bacteria,Firmicutes,Clostridia,Lachnospirales,Lachnospiraceae,Tuzzerella,uncultured_bacterium
675509de154c549f88c8cc605de950b5,Bacteria,Firmicutes,Clostridia,Lachnospirales,Lachnospiraceae,Tyzzerella,
82f7d184e35ab8e35de18b3aa7b2f986,Bacteria,Firmicutes,Clostridia,Lachnospirales,Lachnospiraceae,Tyzzerella,unidentified
9418f976ba6b32b3eee958932bf3851c,Bacteria,Firmicutes,Clostridia,Lachnospirales,Lachnospiraceae,Tyzzerella,
a3fdf21a09c027e22cb6ee67ded4c042,Bacteria,Firmicutes,Clostridia,Oscillospirales,Ruminococcaceae,f_Ruminococcaceae;g_UBA1819,uncultured_organism
5a7fa12431f81d38255e6d9e62eea8bf,Bacteria,Firmicutes,Clostridia,Lachnospirales,Lachnospiraceae,f_Lachnospiraceae;g_UC5-1-2E3,
2d0249b80ea18a33bdf773c7a0eb655a,Bacteria,Firmicutes,Clostridia,Oscillospirales,Oscillospiraceae,f_Oscillospiraceae;g_UCG-002,gut_metagenome
3900e6db9b56e1a2b7fd7f92d5bc4ecd,Bacteria,Firmicutes,Clostridia,Oscillospirales,Oscillospiraceae,f_Oscillospiraceae;g_UCG-002,
3c4d09c03b21229172731bea0360410d,Bacteria,Firmicutes,Clostridia,Oscillospirales,Oscillospiraceae,f_Oscillospiraceae;g_UCG-002,uncultured_organism
4bb7a3f4503e5ebc7ff36ad448e96753,Bacteria,Firmicutes,Clostridia,Oscillospirales,Oscillospiraceae,f_Oscillospiraceae;g_UCG-002,
5e4b6453e254e2cc84e0e88ee28a6ad9,Bacteria,Firmicutes,Clostridia,Oscillospirales,Oscillospiraceae,f_Oscillospiraceae;g_UCG-002,uncultured_organism
92847d61f62fd559e1490ed49544f978,Bacteria,Firmicutes,Clostridia,Oscillospirales,Oscillospiraceae,f_Oscillospiraceae;g_UCG-002,
c11405decf9f1a34dd78e751e4df2270,Bacteria,Firmicutes,Clostridia,Oscillospirales,Oscillospiraceae,f_Oscillospiraceae;g_UCG-002,
fdbc46dc11ee9cfff99fe40aea9862ac,Bacteria,Firmicutes,Clostridia,Oscillospirales,Oscillospiraceae,f_Oscillospiraceae;g_UCG-002,gut_metagenome
1f0c4ee4050323391ebd2e06ef2255cf,Bacteria,Firmicutes,Clostridia,Oscillospirales,Oscillospiraceae,f_Oscillospiraceae;g_UCG-003,metagenome
ce1de14214eb5d52fc87309941e8b62a,Bacteria,Firmicutes,Clostridia,Oscillospirales,Oscillospiraceae,f_Oscillospiraceae;g_UCG-003,
120744bcc30e91120a78b3cfe3c9279f,Bacteria,Firmicutes,Clostridia,Oscillospirales,Oscillospiraceae,f_Oscillospiraceae;g_UCG-005,
1f7ac9e6bec65a4575e060dbe1f1fc9b,Bacteria,Firmicutes,Clostridia,Oscillospirales,Oscillospiraceae,f_Oscillospiraceae;g_UCG-005,gut_metagenome
2b28489c7202ab127d50edb282ff0070,Bacteria,Firmicutes,Clostridia,Oscillospirales,Oscillospiraceae,f_Oscillospiraceae;g_UCG-005,
6f41ba2f7c705b4ba4139440c8255fe1,Bacteria,Firmicutes,Clostridia,Oscillospirales,Oscillospiraceae,f_Oscillospiraceae;g_UCG-005,
7521a5ea1e588f1503c350a7c00bf19b,Bacteria,Firmicutes,Clostridia,Oscillospirales,Oscillospiraceae,f_Oscillospiraceae;g_UCG-005,uncultured_organism
77197b764ff16875f23450df65816d84,Bacteria,Firmicutes,Clostridia,Oscillospirales,Oscillospiraceae,f_Oscillospiraceae;g_UCG-005,
bf1f7bb5e8f03f6435356aa632a80ac8,Bacteria,Firmicutes,Clostridia,Oscillospirales,Oscillospiraceae,f_Oscillospiraceae;g_UCG-005,uncultured_organism
d1db9d42ccf7760d715ad9987b9b3747,Bacteria,Firmicutes,Clostridia,Oscillospirales,Oscillospiraceae,f_Oscillospiraceae;g_UCG-005,uncultured_Ruminococcaceae
dbdb07fb67d08946738e5eb3aedfbf58,Bacteria,Firmicutes,Clostridia,Oscillospirales,Oscillospiraceae,f_Oscillospiraceae;g_UCG-005,
7231d847ca57169e9868f89ad2ad5876,Bacteria,Firmicutes,Clostridia,Oscillospirales,Butyricicoccaceae,f_Butyricicoccaceae;g_UCG-008,uncultured_bacterium
8a96180ec6b88221ecd90111f919fc32,Bacteria,Firmicutes,Clostridia,Oscillospirales,Butyricicoccaceae,f_Butyricicoccaceae;g_UCG-009,uncultured_organism
8fe9e429380acc2c2082c408a2689f9c,Bacteria,Firmicutes,Clostridia,Oscillospirales,Butyricicoccaceae,f_Butyricicoccaceae;g_UCG-009,uncultured_organism
eae1994180d352940770984c22636abc,Bacteria,Firmicutes,Clostridia,Oscillospirales,Butyricicoccaceae,f_Butyricicoccaceae;g_UCG-009,uncultured_organism
835e0422cbabda339534e35bed795d54,Bacteria,Firmicutes,Clostridia,Oscillospirales,Oscillospirales,f_Oscillospirales;g_UCG-010,gut_metagenome
b95859612fbeabb4f9aa51d341d79db0,Bacteria,Firmicutes,Clostridia,Oscillospirales,Butyricicoccaceae,f_Butyricicoccaceae;g_UC,uncultured_bacterium
12cbe5bc289330fcee244d312b6d641f,Bacteria,Actinobacteriota,Coriobacteriia,Coriobacteriales,Coriobacteriales_Incertae_Sedis,f_Coriobacteriales_Incertae_Sedis;g_UC,gut_metagenome
21c1d71b22b3993875d3336ad26e3725,Bacteria,Actinobacteriota,Coriobacteriia,Coriobacteriales,Coriobacteriales_Incertae_Sedis,f_Coriobacteriales_Incertae_Sedis;g_UC,
bd7e889d30bca6126bd0db579642bc72,Bacteria,Actinobacteriota,Coriobacteriia,Coriobacteriales,Coriobacteriales_Incertae_Sedis,f_Coriobacteriales_Incertae_Sedis;g_UC,uncultured_bacterium
bd05eb68e1b4aa9053ddd3a7678ffcc5,Bacteria,Desulfobacterota,Desulfovibrionia,Desulfovibrionales,Desulfovibrionaceae,f_Desulfovibrionaceae;g_UC,uncultured_Desulfovibrionaceae
62d228c006d69cf2ed2bb94390c067bf,Bacteria,Actinobacteriota,Coriobacteriia,Coriobacteriales,Eggerthellaceae,f_Eggerthellaceae;g_UC,
37764836f0fe18390c9c22d364a3e4d1,Bacteria,Firmicutes,Bacilli,Erysipelotrichales,Erysipelotrichaceae,f_Erysipelotrichaceae;g_UC,Clostridiales_bacterium
0466735b5f56c304355145783c9c0037,Bacteria,Firmicutes,Clostridia,Lachnospirales,Lachnospiraceae,f_Lachnospiraceae;g_UC,uncultured_organism
17674a742b0d8e96417074e9f15afaab,Bacteria,Firmicutes,Clostridia,Lachnospirales,Lachnospiraceae,f_Lachnospiraceae;g_UC,
412976bcff57ff411c27dea8b5558b5e,Bacteria,Firmicutes,Clostridia,Lachnospirales,Lachnospiraceae,f_Lachnospiraceae;g_UC,uncultured_organism
61f94067b10e58eddce482139ac1a918,Bacteria,Firmicutes,Clostridia,Lachnospirales,Lachnospiraceae,f_Lachnospiraceae;g_UC,uncultured_organism
677bf9209413aa27744962c77da6316a,Bacteria,Firmicutes,Clostridia,Lachnospirales,Lachnospiraceae,f_Lachnospiraceae;g_UC,human_gut
8734dc93b16379491ad255d2f7e7c63d,Bacteria,Firmicutes,Clostridia,Lachnospirales,Lachnospiraceae,f_Lachnospiraceae;g_UC,uncultured_Eubacterium
b4ba7389ac41ba5b21c8e72ba17a5b9e,Bacteria,Firmicutes,Clostridia,Lachnospirales,Lachnospiraceae,f_Lachnospiraceae;g_UC,uncultured_organism
dbc33f177671dbf5da91cc20e4ccca8c,Bacteria,Firmicutes,Clostridia,Lachnospirales,Lachnospiraceae,f_Lachnospiraceae;g_UC,uncultured_organism
e3cb3f3f5c81041cdd600b12479a138f,Bacteria,Firmicutes,Clostridia,Lachnospirales,Lachnospiraceae,f_Lachnospiraceae;g_UC,
f122d3d86a26550cb477b82f286c5aaf,Bacteria,Firmicutes,Clostridia,Lachnospirales,Lachnospiraceae,f_Lachnospiraceae;g_UC,bacterium_enrichment
3cea8c970cc46816068e4a61b0c792a6,Bacteria,Firmicutes,Clostridia,Oscillospirales,Oscillospiraceae,f_Oscillospiraceae;g_UC,Clostridium_sp.
4da4477a9462607413fedccf5577def7,Bacteria,Firmicutes,Clostridia,Oscillospirales,Oscillospiraceae,f_Oscillospiraceae;g_UC,uncultured_rumen
e7e721ad6a97a205d271207790040139,Bacteria,Firmicutes,Clostridia,Oscillospirales,Oscillospiraceae,f_Oscillospiraceae;g_UC,Clostridium_sp.
12c5b33971d1e37d85b3978e10d8c2d6,Bacteria,Firmicutes,Clostridia,Peptococcales,Peptococcaceae,f_Peptococcaceae;g_UC,uncultured_bacterium
1ac9b1a7a3ac4f19bc2287339e10ab05,Bacteria,Firmicutes,Clostridia,Peptococcales,Peptococcaceae,f_Peptococcaceae;g_UC,unidentified
374c09f95a3a58a9768e65e1dc3d96bd,Bacteria,Firmicutes,Clostridia,Peptococcales,Peptococcaceae,f_Peptococcaceae;g_UC,metagenome
4d4a60e1d7e4a376e8aa72222da5fcfa,Bacteria,Firmicutes,Clostridia,Peptococcales,Peptococcaceae,f_Peptococcaceae;g_UC,unidentified
c18cf46e699861bb5e948e5699d2d96e,Bacteria,Proteobacteria,Alphaproteobacteria,Rhizobiales,Pleomorphomonadaceae,f_Pleomorphomonadaceae;g_UC,uncultured_Rhizobiales
0137770562bf4823c2364ea7e0667248,Bacteria,Bacteroidota,Bacteroidia,Bacteroidales,Prevotellaceae,f_Prevotellaceae;g_UC,Prevotellaceae_bacterium
8d8fa90276906cce484e7d00605e180d,Bacteria,Bacteroidota,Bacteroidia,Bacteroidales,Prevotellaceae,f_Prevotellaceae;g_UC,
dd9f6d387d03f6d2495905956a184950,Bacteria,Bacteroidota,Bacteroidia,Bacteroidales,Prevotellaceae,f_Prevotellaceae;g_UC,Prevotella_sp.
1651db3da8fafd68715217514d328148,Bacteria,Firmicutes,Clostridia,Oscillospirales,Ruminococcaceae,f_Ruminococcaceae;g_UC,
337363f291c2d5818813ecefa431a564,Bacteria,Firmicutes,Clostridia,Oscillospirales,Ruminococcaceae,f_Ruminococcaceae;g_UC,human_gut
47693695b68a797172ca2715551f6a34,Bacteria,Firmicutes,Clostridia,Oscillospirales,Ruminococcaceae,f_Ruminococcaceae;g_UC,gut_metagenome
627cac27d02c6a1f367ae1b546b8720b,Bacteria,Firmicutes,Clostridia,Oscillospirales,Ruminococcaceae,f_Ruminococcaceae;g_UC,metagenome
7d7fcefdeb3dc2e636a0b0756c719c64,Bacteria,Firmicutes,Clostridia,Oscillospirales,Ruminococcaceae,f_Ruminococcaceae;g_UC,uncultured_Clostridium
f1dc474dd2054b5bcc759dbf5fd66dcb,Bacteria,Firmicutes,Clostridia,Oscillospirales,Ruminococcaceae,f_Ruminococcaceae;g_UC,uncultured_organism
ee56e21b066e915462c8feda3bc607ff,Bacteria,Firmicutes,Negativicutes,Veillonellales-Selenomonadales,Selenomonadaceae,f_Selenomonadaceae;g_UC,uncultured_organism
32a1f5fc4a7609602f07fcc5b843cb1d,Bacteria,Proteobacteria,Alphaproteobacteria,Rhodospirillales,uncultured,f_uncultured;g_UC,Azospirillum_sp.
ce4ce2babad9edeafc4219913baa6590,Bacteria,Firmicutes,Clostridia,Oscillospirales,uncultured,f_uncultured;g_UC,uncultured_rumen
eb1d37f6b2e87e7962ebc2db151d2fa3,Bacteria,Bacteroidota,Bacteroidia,Bacteroidales,uncultured,f_uncultured;g_UC,uncultured_bacterium
159aeed8a1cb0ae01a995064426c5d3c,Bacteria,Firmicutes,Negativicutes,Veillonellales-Selenomonadales,Veillonellaceae,Veillonella,
62425e93e15b754f22b84131c3e7f054,Bacteria,Firmicutes,Negativicutes,Veillonellales-Selenomonadales,Veillonellaceae,Veillonella,
af044540690a4081686a45a3f80e97e7,Bacteria,Firmicutes,Negativicutes,Veillonellales-Selenomonadales,Veillonellaceae,Veillonella,
c495b73a0abda5b6376355934ff25adc,Bacteria,Firmicutes,Negativicutes,Veillonellales-Selenomonadales,Veillonellaceae,Veillonella,
ba335ce42c2db2cf33c23cbd4b219984,Bacteria,Verrucomicrobiota,Lentisphaeria,Victivallales,Victivallaceae,Victivallis,
751553fe1af9de0f97ff35f4c5da9e4c,Bacteria,Firmicutes,Bacilli,Lactobacillales,Leuconostocaceae,Weissella,
34625b18138eb4589cea9c07bd0ee6c1,Bacteria,Actinobacteriota,Coriobacteriia,Coriobacteriales,Eggerthellaceae,f_Eggerthellaceae;g_NA,
2fc9a5adaab8b0a5390ebe07ac8cd93c,Bacteria,Proteobacteria,Gammaproteobacteria,Enterobacterales,Enterobacteriaceae,f_Enterobacteriaceae;g_NA,
739bb884078dcbc33a81518ed23eebc9,Bacteria,Proteobacteria,Gammaproteobacteria,Enterobacterales,Enterobacteriaceae,f_Enterobacteriaceae;g_NA,
a0ab0319e0c0f5551c5011ad0a7672f8,Bacteria,Proteobacteria,Gammaproteobacteria,Enterobacterales,Enterobacteriaceae,f_Enterobacteriaceae;g_NA,
df6d5b0b6f6755467118329477ecbaa3,Bacteria,Proteobacteria,Gammaproteobacteria,Enterobacterales,Enterobacteriaceae,f_Enterobacteriaceae;g_NA,
08a6846c0284c256f59efdf3ab503cc9,Bacteria,Firmicutes,Clostridia,Lachnospirales,Lachnospiraceae,f_Lachnospiraceae;g_NA,
19cb9cfd8ef655a45b93ae379022d415,Bacteria,Firmicutes,Clostridia,Lachnospirales,Lachnospiraceae,f_Lachnospiraceae;g_NA,
1c601e4db6c71be78c5960fef8c84949,Bacteria,Firmicutes,Clostridia,Lachnospirales,Lachnospiraceae,f_Lachnospiraceae;g_NA,
2dd07fa1d540d416fb2cf7f838614b1a,Bacteria,Firmicutes,Clostridia,Lachnospirales,Lachnospiraceae,f_Lachnospiraceae;g_NA,
2f0913beab62d5cceb23b44d1245b372,Bacteria,Firmicutes,Clostridia,Lachnospirales,Lachnospiraceae,f_Lachnospiraceae;g_NA,
3642bab390e308a8857865ec35472d2c,Bacteria,Firmicutes,Clostridia,Lachnospirales,Lachnospiraceae,f_Lachnospiraceae;g_NA,
36adb807c31ffff5a1c965f109ab2d10,Bacteria,Firmicutes,Clostridia,Lachnospirales,Lachnospiraceae,f_Lachnospiraceae;g_NA,
38b6cbfccdcd69f7e6fc1fcff5924855,Bacteria,Firmicutes,Clostridia,Lachnospirales,Lachnospiraceae,f_Lachnospiraceae;g_NA,
405ea2165fedcdc42c52f4363b2fd477,Bacteria,Firmicutes,Clostridia,Lachnospirales,Lachnospiraceae,f_Lachnospiraceae;g_NA,
488eb969922e925199d9d524391e2737,Bacteria,Firmicutes,Clostridia,Lachnospirales,Lachnospiraceae,f_Lachnospiraceae;g_NA,
4f892fd37999d680765a00260f932471,Bacteria,Firmicutes,Clostridia,Lachnospirales,Lachnospiraceae,f_Lachnospiraceae;g_NA,
5214f7a9d9c9741c7ec1706c1b77142a,Bacteria,Firmicutes,Clostridia,Lachnospirales,Lachnospiraceae,f_Lachnospiraceae;g_NA,
580c5a4a32af2299896e2ed750d181b8,Bacteria,Firmicutes,Clostridia,Lachnospirales,Lachnospiraceae,f_Lachnospiraceae;g_NA,
5cc9a9cb138d9387dac734534864ec1f,Bacteria,Firmicutes,Clostridia,Lachnospirales,Lachnospiraceae,f_Lachnospiraceae;g_NA,
642f23d22951b791f5320cf92e6ae9cd,Bacteria,Firmicutes,Clostridia,Lachnospirales,Lachnospiraceae,f_Lachnospiraceae;g_NA,
67b7d1c0e49893eb161d3f0639b32088,Bacteria,Firmicutes,Clostridia,Lachnospirales,Lachnospiraceae,f_Lachnospiraceae;g_NA,
7521bbec507dbb96672636c9525a72f3,Bacteria,Firmicutes,Clostridia,Lachnospirales,Lachnospiraceae,f_Lachnospiraceae;g_NA,
848a798cf0a697ae6f654e8db67f7c53,Bacteria,Firmicutes,Clostridia,Lachnospirales,Lachnospiraceae,f_Lachnospiraceae;g_NA,
9677c454c35fb489446042484489c071,Bacteria,Firmicutes,Clostridia,Lachnospirales,Lachnospiraceae,f_Lachnospiraceae;g_NA,
9d6a28bbca5f946649324e06ae1e9298,Bacteria,Firmicutes,Clostridia,Lachnospirales,Lachnospiraceae,f_Lachnospiraceae;g_NA,
ae6fff62768901d7c8fce63392334cac,Bacteria,Firmicutes,Clostridia,Lachnospirales,Lachnospiraceae,f_Lachnospiraceae;g_NA,
d3009405b8b5a1e296b7dc8525612ed2,Bacteria,Firmicutes,Clostridia,Lachnospirales,Lachnospiraceae,f_Lachnospiraceae;g_NA,
d698bde183aa0f03e7b148b936444ef0,Bacteria,Firmicutes,Clostridia,Lachnospirales,Lachnospiraceae,f_Lachnospiraceae;g_NA,
d720928db22a09958908fec0f4c36b89,Bacteria,Firmicutes,Clostridia,Lachnospirales,Lachnospiraceae,f_Lachnospiraceae;g_NA,
d84dc7e57eec0dd22b0ae2c1084b7262,Bacteria,Firmicutes,Clostridia,Lachnospirales,Lachnospiraceae,f_Lachnospiraceae;g_NA,
e6f92cbde0c358b4bf7d81a9ae95a120,Bacteria,Firmicutes,Clostridia,Lachnospirales,Lachnospiraceae,f_Lachnospiraceae;g_NA,
e917e54198398b807a235653dbbbfbdd,Bacteria,Firmicutes,Clostridia,Lachnospirales,Lachnospiraceae,f_Lachnospiraceae;g_NA,
eaac42e370e1d3ca0e7fb3132bca4736,Bacteria,Firmicutes,Clostridia,Lachnospirales,Lachnospiraceae,f_Lachnospiraceae;g_NA,
f40c472a75824b419c6763e29cac54f3,Bacteria,Firmicutes,Clostridia,Lachnospirales,Lachnospiraceae,f_Lachnospiraceae;g_NA,
ff038b1481d0a5a2f0efaa3120d38876,Bacteria,Firmicutes,Clostridia,Lachnospirales,Lachnospiraceae,f_Lachnospiraceae;g_NA,
ff0421c80e02230124daae55b05af66f,Bacteria,Firmicutes,Clostridia,Lachnospirales,Lachnospiraceae,f_Lachnospiraceae;g_NA,
ff63b4ad49420905490066682018bb50,Bacteria,Firmicutes,Clostridia,Lachnospirales,Lachnospiraceae,f_Lachnospiraceae;g_NA,
3cadb6d8370343b617283a264bcdf929,Bacteria,Firmicutes,Clostridia,Oscillospirales,Oscillospiraceae,f_Oscillospiraceae;g_NA,
05f3af8563d3287433b54074b0ff205e,Bacteria,Firmicutes,Clostridia,Oscillospirales,Ruminococcaceae,f_Ruminococcaceae;g_NA,
21a63b74539f8062bd2cf8a2ee1b6104,Bacteria,Firmicutes,Clostridia,Oscillospirales,Ruminococcaceae,f_Ruminococcaceae;g_NA,
72d9a04b915347fc1c725f7bf8bc7ac0,Bacteria,Firmicutes,Clostridia,Oscillospirales,Ruminococcaceae,f_Ruminococcaceae;g_NA,
b6509a130a5cf0e11bb3e84626f9ce6f,Bacteria,Firmicutes,Clostridia,Oscillospirales,Ruminococcaceae,f_Ruminococcaceae;g_NA,
81379e7b6f7bef989ff47655eeffd709,Bacteria,Bacteroidota,Bacteroidia,Bacteroidales,Tannerellaceae,f_Tannerellaceae;g_NA,
bd8dc746bcf74841709964000c258789,Bacteria,Firmicutes,Negativicutes,Veillonellales-Selenomonadales,Veillonellaceae,f_Veillonellaceae;g_NA,
b18631f481ad7793843fef914be2bbeb,Bacteria,Proteobacteria,Gammaproteobacteria,Enterobacterales,Yersiniaceae,f_Yersiniaceae;g_NA,
26b577ac63966db46e279cc5a78921fb,Bacteria,Firmicutes,Clostridia,Oscillospirales,o_Oscillospirales,o_Oscillospirales;g_NA,
4e75389130a6296ab627bb79886a1e80,Bacteria,Firmicutes,Clostridia,Oscillospirales,o_Oscillospirales,o_Oscillospirales;g_NA,
d796f023059babd9f2ee8f20b7c03d3d,Bacteria,Proteobacteria,Gammaproteobacteria,Enterobacterales,o_Enterobacterales,o_Enterobacterales;g_NA,
