#SampleID,subject,BarcodeSequence,Barcode_location,Group,KJW_group_0h,Manager,Journal_group,Treatment,Enterotype,Enterotype_Group,Incubation,Gender,Subject2,DNA_Plate,SampleType,Platform,TargetGene,TargetSubfragment
Sub004.2P.H06,Sub004.2P.H06,GCCACCGCCGGA,3_H06,0h_control,O,Control_0h,Yes,Control_0h,B,B_0h_control,0h,M,4,2,Stool,Illumina,16S_rRNA,V4
Sub002.2P.H06,Sub002.2P.H06,GCCACCGCCGGA,3_H06,0h_control,O,Control_0h,Yes,Control_0h,B,B_0h_control,0h,M,2,2,Stool,Illumina,16S_rRNA,V4
Sub012.2P.H06,Sub012.2P.H06,GCCACCGCCGGA,3_H06,0h_control,O,Control_0h,Yes,Control_0h,B,B_0h_control,0h,M,12,2,Stool,Illumina,16S_rRNA,V4
Sub015.2P.H06,Sub015.2P.H06,TGATTTAATTGC,5_H06,0h_control,O,Control_0h,Yes,Control_0h,B,B_0h_control,0h,M,15,4,Stool,Illumina,16S_rRNA,V4
Sub013.2P.H06,Sub013.2P.H06,TGATTTAATTGC,5_H06,0h_control,O,Control_0h,Yes,Control_0h,B,B_0h_control,0h,M,13,4,Stool,Illumina,16S_rRNA,V4
Sub014.2P.H06,Sub014.2P.H06,TACCGAAGGTAT,1_H06,0h_control,O,Control_0h,Yes,Control_0h,P,P_0h_control,0h,F,14,1,Stool,Illumina,16S_rRNA,V4
Sub005.2P.H06,Sub005.2P.H06,CTCCCGAGCTCC,4_H06,0h_control,O,Control_0h,Yes,Control_0h,P,P_0h_control,0h,M,5,2,Stool,Illumina,16S_rRNA,V4
Sub022.2P.H06,Sub022.2P.H06,TACCGAAGGTAT,1_H06,0h_control,O,Control_0h,Yes,Control_0h,P,P_0h_control,0h,F,22,1,Stool,Illumina,16S_rRNA,V4
Sub024.2P.H06,Sub024.2P.H06,TGATTTAATTGC,5_H06,0h_control,O,Control_0h,Yes,Control_0h,B,B_0h_control,0h,M,24,3,Stool,Illumina,16S_rRNA,V4
Sub023.2P.H06,Sub023.2P.H06,CTCCCGAGCTCC,4_H06,0h_control,O,Control_0h,Yes,Control_0h,B,B_0h_control,0h,F,23,3,Stool,Illumina,16S_rRNA,V4
Sub025.2P.H06,Sub025.2P.H06,TGATTTAATTGC,5_H06,0h_control,O,Control_0h,Yes,Control_0h,P,P_0h_control,0h,M,25,4,Stool,Illumina,16S_rRNA,V4
Sub016.2P.H06,Sub016.2P.H06,CTCCCGAG,4_H06,0h_control,O,Control_0h,Yes,Control_0h,B,B_0h_control,0h,F,16,3,Stool,Illumina,16S_rRNA,V4
Sub028.2P.H06,Sub028.2P.H06,TGATTTAA,5_H06,0h_control,O,Control_0h,none,Control_0h,P,P_0h_control,0h,M,28,4,Stool,Illumina,16S_rRNA,V4
Sub007.2P.H06,Sub007.2P.H06,TGATTTAATTGC,5_H06,0h_control,O,Control_0h,Yes,Control_0h,B,B_0h_control,0h,M,7,4,Stool,Illumina,16S_rRNA,V4
Sub001.2P.H06,Sub001.2P.H06,CTCCCGAGCTCC,4_H06,0h_control,O,Control_0h,Yes,Control_0h,B,B_0h_control,0h,F,1,3,Stool,Illumina,16S_rRNA,V4
Sub020.2P-2.H10,Sub020.2P-2.H10,TATGTGCCGGCT,4_H10,0h_control,O,Control_0h,Yes,Control_0h,B,B_0h_control,0h,F,20,2,Stool,Illumina,16S_rRNA,V4
Sub019.2P-2.H10,Sub019.2P-2.H10,TCCGGACTCCTG,5_H10,0h_control,O,Control_0h,Yes,Control_0h,P,P_0h_control,0h,M,19,3,Stool,Illumina,16S_rRNA,V4
Sub017.2P-2.H10,Sub017.2P-2.H10,TCCGGACTCCTG,5_H10,0h_control,O,Control_0h,none,Control_0h,B,B_0h_control,0h,F,17,4,Stool,Illumina,16S_rRNA,V4